l.000,l.001,l.002,l.003,l.004,l.005,l.006,l.007,l.008,l.009,l.010,l.011,l.012,l.013,l.014,l.015,l.016,l.017,l.018,l.019,l.020,l.021,l.022,l.023,l.024,l.025,l.026,l.027,l.028,l.029,l.030,l.031,l.032,l.033,l.034,l.035,l.036,l.037,l.038,l.039,l.040,l.041,l.042,l.043,l.044,l.045,l.046,l.047,l.048,l.049,l.050,l.051,l.052,l.053,l.054,l.055,l.056,l.057,l.058,l.059,l.060,l.061,l.062,l.063,l.064,l.065,l.066,l.067,l.068,l.069,l.070
-0.302785067,-0.307505702,-0.33118831,-0.364517687,-0.393780706,-0.428710317,-0.470984436,-0.502954119,-0.544532008,-0.565799483,-0.584392211,-0.606623783,-0.629957259,-0.650379288,-0.658608361,-0.656596135,-0.653057509,-0.649603889,-0.648232249,-0.647938419,-0.648348054,-0.649053343,-0.649827265,-0.650800207,-0.651810144,-0.656598177,-0.663139776,-0.671097613,-0.682176737,-0.693255861,-0.704350377,-0.715451178,-0.726551979,-0.738795411,-0.751233639,-0.763671866,-0.776848704,-0.790312509,-0.803776314,-0.817308854,-0.831017747,-0.844726639,-0.858435532,-0.872295169,-0.886302365,-0.90030956,-0.914316755,-0.928443363,-0.942780278,-0.957117192,-0.971454106,-0.985791021,-1.000279568,-1.014802527,-1.029325486,-1.043848445,-1.058371404,-1.060919253,-1.060919253,-1.060919253,-1.060919253,-1.060919253,-1.060919253,-1.060919253,-1.060919253,-1.060919253,-1.060919253,-1.060919253,-1.060919253,-1.060919253,-1.060919253
0.047220043,0.036380629,0.024530664,0.005237723,0,0,0,0,0,0,0,0,0,0,0,0,0,0,0,0,0,0,0,0,0,0,0,0,0,0,0,0,0,0,0,0,0,0,0,0,0,0,0,0,0,0,0,0,0,0,0,0,0,0,0,0,0,0,0,0,0,0,0,0,0,0,0,0,0,0,0
0.214972548,0.181349306,0.154530905,0.126342954,0.09757069,0.070595803,0.044149222,0.017496571,0,0,0,0,0,0,0,0,0,0,0,0,0,0,0,0,0,0,0,0,0,0,0,0,0,0,0,0,0,0,0,0,0,0,0,0,0,0,0,0,0,0,0,0,0,0,0,0,0,0,0,0,0,0,0,0,0,0,0,0,0,0,0
-0.29260155,-0.269763663,-0.246302216,-0.223558403,-0.204709541,-0.190025794,-0.174490098,-0.158951992,-0.143484962,-0.128426048,-0.113141721,-0.09758074,-0.08160962,-0.065049456,-0.048240742,-0.030572032,-0.013414169,-0.000431973,-0.000122298,0,0,0,0,0,0,0,0,0,0,0,0,0,0,0,0,0,0,0,0,0,0,0,0,0,0,0,0,0,0,0,0,0,0,0,0,0,0,0,0,0,0,0,0,0,0,0,0,0,0,0,0
-0.097393513,-0.029125403,0,0,0,0,0,0,0,0,0,0,0,0,0,0,0,0,0,0,0,0,0,0,0,0,0,0,0,0,0,0,0,0,0,0,0,0,0,0,0,0,0,0,0,0,0,0,0,0,0,0,0,0,0,0,0,0,0,0,0,0,0,0,0,0,0,0,0,0,0
-2.132819676,-1.037511716,-0.399036399,-0.264516118,-0.223566786,-0.188058692,-0.157765404,-0.133807376,-0.111012338,-0.089009361,-0.064264126,-0.039865234,-0.016033564,-0.000194486,0,0,0,0,0,0,0,0,0,0,0,0,0,0,0,0,0,0,0,0,0,0,0,0,0,0,0,0,0,0,0,0,0,0,0,0,0,0,0,0,0,0,0,0,0,0,0,0,0,0,0,0,0,0,0,0,0
-5.598580498,-3.66923975,-3.182881467,-2.789707222,-2.52807896,-2.326386024,-2.160797986,-2.007900214,-1.885063685,-1.791119246,-1.709484967,-1.636452093,-1.57092494,-1.505443699,-1.432494689,-1.365783058,-1.303211983,-1.243650936,-1.188747596,-1.136929315,-1.087124595,-1.040720055,-0.995104838,-0.951785337,-0.908892581,-0.869445402,-0.831597453,-0.793036148,-0.752902656,-0.712769164,-0.674896761,-0.637947538,-0.600998315,-0.569369212,-0.538647084,-0.507924956,-0.478237029,-0.448950915,-0.4196648,-0.390909419,-0.363515731,-0.336122044,-0.308728356,-0.281815474,-0.255373231,-0.228930989,-0.202488746,-0.176436501,-0.151071107,-0.125705712,-0.100340318,-0.074974924,-0.058804681,-0.044721198,-0.030637715,-0.016554232,-0.002470749,0,0,0,0,0,0,0,0,0,0,0,0,0,0
1.7025558,0.647738834,0.061791001,0,0,0,0,0,0,0,0,0,0,0,0,0,0,0,0,0,0,0,0,0,0,0,0,0,0,0,0,0,0,0,0,0,0,0,0,0,0,0,0,0,0,0,0,0,0,0,0,0,0,0,0,0,0,0,0,0,0,0,0,0,0,0,0,0,0,0,0
0.022240174,0.011515763,0.001647215,0,0,0,0,0,0,0,0,0,0,0,0,0,0,0,0,0,0,0,0,0,0,0,0,0,0,0,0,0,0,0,0,0,0,0,0,0,0,0,0,0,0,0,0,0,0,0,0,0,0,0,0,0,0,0,0,0,0,0,0,0,0,0,0,0,0,0,0
3.13918E-15,4.09345E-16,8.64358E-17,0,0,0,0,0,0,0,0,0,0,0,0,0,0,0,0,0,0,0,0,0,0,0,0,0,0,0,0,0,0,0,0,0,0,0,0,0,0,0,0,0,0,0,0,0,0,0,0,0,0,0,0,0,0,0,0,0,0,0,0,0,0,0,0,0,0,0,0
1.62546E-15,5.83793E-16,0,0,0,0,0,0,0,0,0,0,0,0,0,0,0,0,0,0,0,0,0,0,0,0,0,0,0,0,0,0,0,0,0,0,0,0,0,0,0,0,0,0,0,0,0,0,0,0,0,0,0,0,0,0,0,0,0,0,0,0,0,0,0,0,0,0,0,0,0
0,0,0,0,0,0,0,0,0,0,0,0,0,0,0,0,0,0,0,0,0,0,0,0,0,0,0,0,0,0,0,0,0,0,0,0,0,0,0,0,0,0,0,0,0,0,0,0,0,0,0,0,0,0,0,0,0,0,0,0,0,0,0,0,0,0,0,0,0,0,0
0.041742492,0.040051951,0.043039672,0.043782062,0.043930814,0.044428164,0.045088409,0.046255604,0.046660576,0.046631854,0.045821079,0.04379998,0.04142491,0.038969061,0.036196879,0.033378533,0.030553706,0.027801967,0.025290343,0.022812337,0.020356271,0.017956701,0.015570245,0.012695505,0.00973,0.006257749,0.002550295,0,0,0,0,0,0,0,0,0,0,0,0,0,0,0,0,0,0,0,0,0,0,0,0,0,0,0,0,0,0,0,0,0,0,0,0,0,0,0,0,0,0,0,0
0.006479533,0,0,0,0,0,0,0,0,0,0,0,0,0,0,0,0,0,0,0,0,0,0,0,0,0,0,0,0,0,0,0,0,0,0,0,0,0,0,0,0,0,0,0,0,0,0,0,0,0,0,0,0,0,0,0,0,0,0,0,0,0,0,0,0,0,0,0,0,0,0
0.075253181,0.066466074,0.06377803,0.064027278,0.064540318,0.065280949,0.065848532,0.067186251,0.06807414,0.068849893,0.068835755,0.067865693,0.06658605,0.06494555,0.062432759,0.059839108,0.057181076,0.054567695,0.052172716,0.049737388,0.047275725,0.04480847,0.042339917,0.039302469,0.03615927,0.032519898,0.028650232,0.024903438,0.021427444,0.017951451,0.014421955,0.010870614,0.007319274,0.004947839,0.002777554,0.000607269,0,0,0,0,0,0,0,0,0,0,0,0,0,0,0,0,0,0,0,0,0,0,0,0,0,0,0,0,0,0,0,0,0,0,0
-0.001907485,0,0,0,0,0,0,0,0,0,0,0,0,0,0,0,0,0,0,0,0,0,0,0,0,0,0,0,0,0,0,0,0,0,0,0,0,0,0,0,0,0,0,0,0,0,0,0,0,0,0,0,0,0,0,0,0,0,0,0,0,0,0,0,0,0,0,0,0,0,0
0.037753265,0.029861841,0.021789067,0.014543389,0.007707272,0.001150227,0,0,0,0,0,0,0,0,0,0,0,0,0,0,0,0,0,0,0,0,0,0,0,0,0,0,0,0,0,0,0,0,0,0,0,0,0,0,0,0,0,0,0,0,0,0,0,0,0,0,0,0,0,0,0,0,0,0,0,0,0,0,0,0,0
0.034191264,0.024529658,0.013052395,0.002205246,0,0,0,0,0,0,0,0,0,0,0,0,0,0,0,0,0,0,0,0,0,0,0,0,0,0,0,0,0,0,0,0,0,0,0,0,0,0,0,0,0,0,0,0,0,0,0,0,0,0,0,0,0,0,0,0,0,0,0,0,0,0,0,0,0,0,0
0.042738743,0.034983968,0.025306826,0.015535012,0.005701042,1.24641E-06,0,0,0,0,0,0,0,0,0,0,0,0,0,0,0,0,0,0,0,0,0,0,0,0,0,0,0,0,0,0,0,0,0,0,0,0,0,0,0,0,0,0,0,0,0,0,0,0,0,0,0,0,0,0,0,0,0,0,0,0,0,0,0,0,0
0.090070049,0.081814341,0.071150063,0.059940564,0.047852935,0.038844468,0.033131076,0.0278876,0.022840448,0.018247694,0.014112858,0.010381978,0.006655284,0.002982235,0,0,0,0,0,0,0,0,0,0,0,0,0,0,0,0,0,0,0,0,0,0,0,0,0,0,0,0,0,0,0,0,0,0,0,0,0,0,0,0,0,0,0,0,0,0,0,0,0,0,0,0,0,0,0,0,0
0.1343599,0.131590617,0.124409011,0.11302517,0.096901102,0.085149782,0.078413501,0.072536719,0.067390699,0.063010389,0.059711237,0.057696843,0.055515887,0.052830814,0.050170693,0.048425368,0.045445858,0.041758735,0.037286195,0.032764909,0.028211807,0.023755818,0.019322373,0.015258723,0.011263814,0.007786033,0.004548272,0.002042656,0.001150635,0.000258614,0,0,0,0,0,0,0,0,0,0,0,0,0,0,0,0,0,0,0,0,0,0,0,0,0,0,0,0,0,0,0,0,0,0,0,0,0,0,0,0,0
0.052861644,0.045559542,0.036961435,0.028626777,0.019991917,0.010574909,0.000505813,0,0,0,0,0,0,0,0,0,0,0,0,0,0,0,0,0,0,0,0,0,0,0,0,0,0,0,0,0,0,0,0,0,0,0,0,0,0,0,0,0,0,0,0,0,0,0,0,0,0,0,0,0,0,0,0,0,0,0,0,0,0,0,0
0.014998569,0.016860154,0.017034497,0.016757671,0.01502717,0.012106059,0.00776513,0.005957086,0.004226415,0.002825387,0.001550773,0.000487987,0,0,0,0,0,0,0,0,0,0,0,0,0,0,0,0,0,0,0,0,0,0,0,0,0,0,0,0,0,0,0,0,0,0,0,0,0,0,0,0,0,0,0,0,0,0,0,0,0,0,0,0,0,0,0,0,0,0,0
0.061542745,0.058990116,0.054560629,0.050169345,0.044701915,0.03759836,0.029410359,0.02636739,0.023408795,0.020516301,0.017986798,0.015811684,0.013579627,0.011286611,0.009074202,0.006754456,0.00403017,0.001572986,0.000445335,0,0,0,0,0,0,0,0,0,0,0,0,0,0,0,0,0,0,0,0,0,0,0,0,0,0,0,0,0,0,0,0,0,0,0,0,0,0,0,0,0,0,0,0,0,0,0,0,0,0,0,0
0,0,0,0,0,0,0,0,0,0,0,0,0,0,0,0,0,0,0,0,0,0,0,0,0,0,0,0,0,0,0,0,0,0,0,0,0,0,0,0,0,0,0,0,0,0,0,0,0,0,0,0,0,0,0,0,0,0,0,0,0,0,0,0,0,0,0,0,0,0,0
-0.047421855,-0.042580957,-0.038877847,-0.035131945,-0.032553674,-0.029268613,-0.025597747,-0.021305722,-0.016979779,-0.011956129,-0.007005316,-0.002428665,0,0,0,0,0,0,0,0,0,0,0,0,0,0,0,0,0,0,0,0,0,0,0,0,0,0,0,0,0,0,0,0,0,0,0,0,0,0,0,0,0,0,0,0,0,0,0,0,0,0,0,0,0,0,0,0,0,0,0
0.013062767,0.009680974,0.0062946,0.003139071,0.000222249,0,0,0,0,0,0,0,0,0,0,0,0,0,0,0,0,0,0,0,0,0,0,0,0,0,0,0,0,0,0,0,0,0,0,0,0,0,0,0,0,0,0,0,0,0,0,0,0,0,0,0,0,0,0,0,0,0,0,0,0,0,0,0,0,0,0
-0.01586263,-0.012986125,-0.005435772,0,0,0,0,0,0,0,0,0,0,0,0,0,0,0,0,0,0,0,0,0,0,0,0,0,0,0,0,0,0,0,0,0,0,0,0,0,0,0,0,0,0,0,0,0,0,0,0,0,0,0,0,0,0,0,0,0,0,0,0,0,0,0,0,0,0,0,0
0.071603267,0.060221728,0.057156159,0.057402846,0.057785334,0.057520232,0.055448967,0.052533886,0.048980126,0.04475163,0.040656335,0.036489796,0.032271596,0.028294181,0.024448994,0.019940976,0.016944431,0.014688051,0.012991494,0.011267109,0.009524563,0.007821045,0.006126588,0.004385479,0.002635697,0.001481517,0.00060378,0,0,0,0,0,0,0,0,0,0,0,0,0,0,0,0,0,0,0,0,0,0,0,0,0,0,0,0,0,0,0,0,0,0,0,0,0,0,0,0,0,0,0,0
0.090643774,0.080516382,0.077808102,0.075850678,0.07186835,0.067653465,0.062755603,0.057240776,0.051280507,0.044783222,0.038365281,0.031662354,0.024740369,0.018040446,0.011496066,0.004543188,0.001355749,0,0,0,0,0,0,0,0,0,0,0,0,0,0,0,0,0,0,0,0,0,0,0,0,0,0,0,0,0,0,0,0,0,0,0,0,0,0,0,0,0,0,0,0,0,0,0,0,0,0,0,0,0,0
0.067125161,0.05733009,0.050483694,0.045814456,0.041643295,0.037290554,0.032734006,0.028243858,0.023569983,0.018924163,0.014256455,0.009595732,0.004997538,0.001412695,0,0,0,0,0,0,0,0,0,0,0,0,0,0,0,0,0,0,0,0,0,0,0,0,0,0,0,0,0,0,0,0,0,0,0,0,0,0,0,0,0,0,0,0,0,0,0,0,0,0,0,0,0,0,0,0,0
0.03106444,0.016324988,0.00513961,6.0743E-06,0,0,0,0,0,0,0,0,0,0,0,0,0,0,0,0,0,0,0,0,0,0,0,0,0,0,0,0,0,0,0,0,0,0,0,0,0,0,0,0,0,0,0,0,0,0,0,0,0,0,0,0,0,0,0,0,0,0,0,0,0,0,0,0,0,0,0
0.031426515,0.013613587,0.002071271,0,0,0,0,0,0,0,0,0,0,0,0,0,0,0,0,0,0,0,0,0,0,0,0,0,0,0,0,0,0,0,0,0,0,0,0,0,0,0,0,0,0,0,0,0,0,0,0,0,0,0,0,0,0,0,0,0,0,0,0,0,0,0,0,0,0,0,0
0.024680343,0.018004587,0.011712598,0.006543753,0.001603424,0,0,0,0,0,0,0,0,0,0,0,0,0,0,0,0,0,0,0,0,0,0,0,0,0,0,0,0,0,0,0,0,0,0,0,0,0,0,0,0,0,0,0,0,0,0,0,0,0,0,0,0,0,0,0,0,0,0,0,0,0,0,0,0,0,0
0.116837239,0.111954504,0.109507353,0.107525619,0.106209744,0.107058798,0.107988258,0.108799266,0.11050844,0.112132884,0.113491313,0.114509295,0.115403653,0.116000026,0.115869345,0.114565187,0.11339153,0.112234883,0.11097744,0.109682253,0.10836243,0.107055756,0.105752135,0.104467699,0.103186831,0.10135961,0.099278806,0.096640433,0.09277322,0.088906006,0.084933908,0.080918986,0.076904064,0.073000213,0.069115298,0.065230383,0.061218383,0.057157009,0.053095634,0.049039207,0.044995474,0.040951741,0.036908008,0.032697459,0.028323622,0.023949784,0.019575947,0.015449195,0.0117576,0.008066005,0.004374411,0.000682816,0,0,0,0,0,0,0,0,0,0,0,0,0,0,0,0,0,0,0
0.128894875,0.117424348,0.10783107,0.09914329,0.090210285,0.085195769,0.083316326,0.083050936,0.083581164,0.08391251,0.083934449,0.08355503,0.083098032,0.082673282,0.082154987,0.081275581,0.080740145,0.080273839,0.079619118,0.078808381,0.077895814,0.076912919,0.075913698,0.074854381,0.073783893,0.07214499,0.070242263,0.067678137,0.063656334,0.059634531,0.05529564,0.050827285,0.046358931,0.041949735,0.037550625,0.033151514,0.028805379,0.024479825,0.020154272,0.015823126,0.011477632,0.007132138,0.002786644,0.000559405,0.000405631,0.000251857,9.80824E-05,0,0,0,0,0,0,0,0,0,0,0,0,0,0,0,0,0,0,0,0,0,0,0,0
0.035763966,0.026977544,0.019545423,0.011376305,0.006340943,0.000838349,0,0,0,0,0,0,0,0,0,0,0,0,0,0,0,0,0,0,0,0,0,0,0,0,0,0,0,0,0,0,0,0,0,0,0,0,0,0,0,0,0,0,0,0,0,0,0,0,0,0,0,0,0,0,0,0,0,0,0,0,0,0,0,0,0
-0.006354929,-0.00388562,0,0,0,0,0,0,0,0,0,0,0,0,0,0,0,0,0,0,0,0,0,0,0,0,0,0,0,0,0,0,0,0,0,0,0,0,0,0,0,0,0,0,0,0,0,0,0,0,0,0,0,0,0,0,0,0,0,0,0,0,0,0,0,0,0,0,0,0,0
0.039051026,0.023649082,0.012290117,0.000772448,0,0,0,0,0,0,0,0,0,0,0,0,0,0,0,0,0,0,0,0,0,0,0,0,0,0,0,0,0,0,0,0,0,0,0,0,0,0,0,0,0,0,0,0,0,0,0,0,0,0,0,0,0,0,0,0,0,0,0,0,0,0,0,0,0,0,0
0,0,0,0,0,0,0,0,0,0,0,0,0,0,0,0,0,0,0,0,0,0,0,0,0,0,0,0,0,0,0,0,0,0,0,0,0,0,0,0,0,0,0,0,0,0,0,0,0,0,0,0,0,0,0,0,0,0,0,0,0,0,0,0,0,0,0,0,0,0,0
-0.0685021,-0.067304393,-0.069422236,-0.072303816,-0.075680922,-0.079311761,-0.083008913,-0.082595327,-0.081994018,-0.081388847,-0.080557114,-0.079399868,-0.077867139,-0.076006125,-0.074044312,-0.071612864,-0.069176626,-0.066710675,-0.064155919,-0.061691634,-0.059286397,-0.056881455,-0.054476581,-0.052238104,-0.050030558,-0.047969687,-0.045976893,-0.04380381,-0.041233384,-0.038662958,-0.03606082,-0.033445735,-0.03083065,-0.02818831,-0.025541324,-0.022894338,-0.02042148,-0.018016275,-0.01561107,-0.013231027,-0.010915544,-0.00860006,-0.006284577,-0.004512378,-0.003271975,-0.002031573,-0.000791171,0,0,0,0,0,0,0,0,0,0,0,0,0,0,0,0,0,0,0,0,0,0,0,0
0.018004502,0.013813623,0.012073857,0.008852292,0.005621329,0.004523364,0.00549483,0.006955984,0.007863523,0.008602425,0.009507982,0.010562384,0.011469478,0.012093591,0.012510494,0.012656786,0.013026044,0.013129768,0.012124448,0.010719828,0.009054593,0.00740476,0.005758503,0.004162347,0.002575505,0.001475438,0.000601303,0,0,0,0,0,0,0,0,0,0,0,0,0,0,0,0,0,0,0,0,0,0,0,0,0,0,0,0,0,0,0,0,0,0,0,0,0,0,0,0,0,0,0,0
-0.004720587,-0.00393397,0,0,0,0,0,0,0,0,0,0,0,0,0,0,0,0,0,0,0,0,0,0,0,0,0,0,0,0,0,0,0,0,0,0,0,0,0,0,0,0,0,0,0,0,0,0,0,0,0,0,0,0,0,0,0,0,0,0,0,0,0,0,0,0,0,0,0,0,0
0.018864629,0,0,0,0,0,0,0,0,0,0,0,0,0,0,0,0,0,0,0,0,0,0,0,0,0,0,0,0,0,0,0,0,0,0,0,0,0,0,0,0,0,0,0,0,0,0,0,0,0,0,0,0,0,0,0,0,0,0,0,0,0,0,0,0,0,0,0,0,0,0
0,0,0,0,0,0,0,0,0,0,0,0.000891903,0.002945454,0.005273086,0.007770776,0.010664742,0.011072773,0.01040276,0.009255015,0.008163232,0.007107976,0.006051638,0.00499505,0.004059204,0.003145802,0.00203343,0.000828708,0,0,0,0,0,0,0,0,0,0,0,0,0,0,0,0,0,0,0,0,0,0,0,0,0,0,0,0,0,0,0,0,0,0,0,0,0,0,0,0,0,0,0,0
0.001105425,0,0,0,0,0,0,0,0,0,0,0,0,0,0,0,0,0,0,0,0,0,0,0,0,0,0,0,0,0,0,0,0,0,0,0,0,0,0,0,0,0,0,0,0,0,0,0,0,0,0,0,0,0,0,0,0,0,0,0,0,0,0,0,0,0,0,0,0,0,0
0,0,0,0,0,0,0,0,0,0,0,0,0,0,0,0,0,0,0,0,0,0,0,0,0,0,0,0,0,0,0,0,0,0,0,0,0,0,0,0,0,0,0,0,0,0,0,0,0,0,0,0,0,0,0,0,0,0,0,0,0,0,0,0,0,0,0,0,0,0,0
-0.015614097,0,0,0,0,0,0,0,0,0,0,0,0,0,0,0,0,0,0,0,0,0,0,0,0,0,0,0,0,0,0,0,0,0,0,0,0,0,0,0,0,0,0,0,0,0,0,0,0,0,0,0,0,0,0,0,0,0,0,0,0,0,0,0,0,0,0,0,0,0,0
0.090784322,0.077355052,0.062738798,0.043431188,0.026284173,0.010227046,0.000105131,0,0,0,0,0,0,0,0,0,0,0,0,0,0,0,0,0,0,0,0,0,0,0,0,0,0,0,0,0,0,0,0,0,0,0,0,0,0,0,0,0,0,0,0,0,0,0,0,0,0,0,0,0,0,0,0,0,0,0,0,0,0,0,0
1.11542E-14,4.62917E-15,2.04575E-15,1.80947E-15,5.07801E-16,1.01747E-16,6.83813E-18,0,0,0,0,0,0,0,0,0,0,0,0,0,0,0,0,0,0,0,0,0,0,0,0,0,0,0,0,0,0,0,0,0,0,0,0,0,0,0,0,0,0,0,0,0,0,0,0,0,0,0,0,0,0,0,0,0,0,0,0,0,0,0,0
-5.37592E-17,-1.09104E-17,-1.42785E-17,-3.6052E-17,-1.52537E-16,-1.4302E-17,0,0,0,0,0,0,0,0,0,0,0,0,0,0,0,0,0,0,0,0,0,0,0,0,0,0,0,0,0,0,0,0,0,0,0,0,0,0,0,0,0,0,0,0,0,0,0,0,0,0,0,0,0,0,0,0,0,0,0,0,0,0,0,0,0
0.013202898,0.003671345,0,0,0,0,0,0,0,0,0,0,0,0,0,0,0,0,0,0,0,0,0,0,0,0,0,0,0,0,0,0,0,0,0,0,0,0,0,0,0,0,0,0,0,0,0,0,0,0,0,0,0,0,0,0,0,0,0,0,0,0,0,0,0,0,0,0,0,0,0
0,0,0,0,0,0,0,0,0,0,0,0,0,0,0,0,0,0,0,0,0,0,0,0,0,0,0,0,0,0,0,0,0,0,0,0,0,0,0,0,0,0,0,0,0,0,0,0,0,0,0,0,0,0,0,0,0,0,0,0,0,0,0,0,0,0,0,0,0,0,0
-0.089556236,-0.079408014,-0.070404523,-0.057981287,-0.045163126,-0.032595676,-0.020110486,-0.007567406,0,0,0,0,0,0,0,0,0,0,0,0,0,0,0,0,0,0,0,0,0,0,0,0,0,0,0,0,0,0,0,0,0,0,0,0,0,0,0,0,0,0,0,0,0,0,0,0,0,0,0,0,0,0,0,0,0,0,0,0,0,0,0
-0.067948235,-0.058272108,-0.048741447,-0.041618645,-0.033860891,-0.026110065,-0.019655564,-0.015468446,-0.013346616,-0.013522683,-0.013393585,-0.013054757,-0.012610614,-0.011604483,-0.009656634,-0.007713313,-0.005812444,-0.003898989,-0.001895118,-0.000731368,-0.000115948,0,0,0,0,0,0,0,0,0,0,0,0,0,0,0,0,0,0,0,0,0,0,0,0,0,0,0,0,0,0,0,0,0,0,0,0,0,0,0,0,0,0,0,0,0,0,0,0,0,0
-1.63156E-05,-2.46169E-16,-5.1092E-07,-5.71708E-08,-2.33344E-16,-2.16577E-05,-6.66762E-05,-7.51579E-05,-8.52732E-05,-9.51911E-05,-0.000100619,-0.000101904,-0.000102796,-0.000101066,-9.46141E-05,-8.41797E-05,-7.58139E-05,-6.4478E-05,-4.12419E-05,-2.12474E-05,-3.36847E-06,0,0,0,0,0,0,0,0,0,0,0,0,0,0,0,0,0,0,0,0,0,0,0,0,0,0,0,0,0,0,0,0,0,0,0,0,0,0,0,0,0,0,0,0,0,0,0,0,0,0
1.68639E-17,1.52902E-17,8.51975E-17,0,3.12369E-17,3.99477E-17,3.98686E-16,1.10086E-15,1.06391E-15,7.19115E-16,8.08324E-16,1.41991E-16,2.44449E-17,1.57537E-16,4.16285E-16,2.41392E-16,2.71806E-16,3.09306E-16,1.25669E-16,3.52162E-17,5.58304E-18,0,0,0,0,0,0,0,0,0,0,0,0,0,0,0,0,0,0,0,0,0,0,0,0,0,0,0,0,0,0,0,0,0,0,0,0,0,0,0,0,0,0,0,0,0,0,0,0,0,0
-0.014594058,-0.007542886,-0.000359175,0,0,0,0,0,0,0,0,0,0,0,0,0,0,0,0,0,0,0,0,0,0,0,0,0,0,0,0,0,0,0,0,0,0,0,0,0,0,0,0,0,0,0,0,0,0,0,0,0,0,0,0,0,0,0,0,0,0,0,0,0,0,0,0,0,0,0,0
0,0,0,0,0,0,0,0,0,0,0,0,0,0,0,0,0,0,0,0,0,0,0,0,0,0,0,0,0,0,0,0,0,0,0,0,0,0,0,0,0,0,0,0,0,0,0,0,0,0,0,0,0,0,0,0,0,0,0,0,0,0,0,0,0,0,0,0,0,0,0
0.033164484,0.019777665,0.006103326,0,0,0,0,0,0,0,0,0,0,0,0,0,0,0,0,0,0,0,0,0,0,0,0,0,0,0,0,0,0,0,0,0,0,0,0,0,0,0,0,0,0,0,0,0,0,0,0,0,0,0,0,0,0,0,0,0,0,0,0,0,0,0,0,0,0,0,0
0.060126206,0.035096154,0.008792806,0,0,0,0,0,0,0,0,0,0,0,0,0,0,0,0,0,0,0,0,0,0,0,0,0,0,0,0,0,0,0,0,0,0,0,0,0,0,0,0,0,0,0,0,0,0,0,0,0,0,0,0,0,0,0,0,0,0,0,0,0,0,0,0,0,0,0,0
0.041455436,0.020462074,0,0,0,0,0,0,0,0,0,0,0,0,0,0,0,0,0,0,0,0,0,0,0,0,0,0,0,0,0,0,0,0,0,0,0,0,0,0,0,0,0,0,0,0,0,0,0,0,0,0,0,0,0,0,0,0,0,0,0,0,0,0,0,0,0,0,0,0,0
-0.025413588,-0.020308725,-0.013939701,-0.000766187,0,0,0,0,0,0,0,0,0,0,0,0,0,0,0,0,0,0,0,0,0,0,0,0,0,0,0,0,0,0,0,0,0,0,0,0,0,0,0,0,0,0,0,0,0,0,0,0,0,0,0,0,0,0,0,0,0,0,0,0,0,0,0,0,0,0,0
0.3035077,0.251081797,0.202224693,0.167260938,0.146481468,0.133664769,0.120653668,0.105961909,0.095291982,0.089069388,0.083548789,0.077904814,0.072226231,0.06673668,0.061648801,0.056722996,0.05188939,0.04709435,0.042312526,0.037562991,0.03283453,0.028175594,0.023532798,0.018804396,0.01406008,0.008938985,0.003643011,0,0,0,0,0,0,0,0,0,0,0,0,0,0,0,0,0,0,0,0,0,0,0,0,0,0,0,0,0,0,0,0,0,0,0,0,0,0,0,0,0,0,0,0
0.68462542,0.400486688,0.117301789,0.061964241,0.076722335,0.058786059,0.03918014,0.013593335,0,0,0,0,0,0,0,0,0,0,0,0,0,0,0,0,0,0,0,0,0,0,0,0,0,0,0,0,0,0,0,0,0,0,0,0,0,0,0,0,0,0,0,0,0,0,0,0,0,0,0,0,0,0,0,0,0,0,0,0,0,0,0
0,-0.034609639,-0.077645732,-0.03866008,-0.000998283,0,0,0,0,0,0,0,0,0,0,0,0,0,0,0,0,0,0,0,0,0,0,0,0,0,0,0,0,0,0,0,0,0,0,0,0,0,0,0,0,0,0,0,0,0,0,0,0,0,0,0,0,0,0,0,0,0,0,0,0,0,0,0,0,0,0
-0.012305274,0,0,0,0,0,0,0,0,0,0,0,0,0,0,0,0,0,0,0,0,0,0,0,0,0,0,0,0,0,0,0,0,0,0,0,0,0,0,0,0,0,0,0,0,0,0,0,0,0,0,0,0,0,0,0,0,0,0,0,0,0,0,0,0,0,0,0,0,0,0
0,0,0,0,0,0,0,0,0,0,0,0,0,0,0,0,0,0,0,0,0,0,0,0,0,0,0,0,0,0,0,0,0,0,0,0,0,0,0,0,0,0,0,0,0,0,0,0,0,0,0,0,0,0,0,0,0,0,0,0,0,0,0,0,0,0,0,0,0,0,0
0.035871667,0.027775081,0.027137135,0.023670304,0.019037118,0.015089366,0.011754986,0.009405425,0.007098624,0.005290615,0.003604225,0.001895705,0.000545288,0,0,0,0,0,0,0,0,0,0,0,0,0,0,0,0,0,0,0,0,0,0,0,0,0,0,0,0,0,0,0,0,0,0,0,0,0,0,0,0,0,0,0,0,0,0,0,0,0,0,0,0,0,0,0,0,0,0
-0.034413292,-0.025099,-0.016577374,-0.002330684,0,0,0,0,0,0,0,0,0,0,0,0,0,0,0,0,0,0,0,0,0,0,0,0,0,0,0,0,0,0,0,0,0,0,0,0,0,0,0,0,0,0,0,0,0,0,0,0,0,0,0,0,0,0,0,0,0,0,0,0,0,0,0,0,0,0,0
-4.02323E-15,-2.17367E-15,-9.25181E-16,-4.41839E-16,0,0,0,0,0,0,0,0,0,0,0,0,0,0,0,0,0,0,0,0,0,0,0,0,0,0,0,0,0,0,0,0,0,0,0,0,0,0,0,0,0,0,0,0,0,0,0,0,0,0,0,0,0,0,0,0,0,0,0,0,0,0,0,0,0,0,0
1.62293E-16,8.29157E-18,1.73707E-17,7.3749E-17,0,0,0,0,0,0,0,0,0,0,0,0,0,0,0,0,0,0,0,0,0,0,0,0,0,0,0,0,0,0,0,0,0,0,0,0,0,0,0,0,0,0,0,0,0,0,0,0,0,0,0,0,0,0,0,0,0,0,0,0,0,0,0,0,0,0,0
-0.145330032,-0.139292204,-0.134532528,-0.125248007,-0.113851339,-0.100967383,-0.090035108,-0.081629166,-0.073708532,-0.0660816,-0.058387468,-0.050704296,-0.043157405,-0.037166166,-0.034318586,-0.031497327,-0.028552078,-0.025584223,-0.022691639,-0.019752456,-0.016782859,-0.013794089,-0.01080087,-0.007745657,-0.004678921,-0.002638921,-0.001075471,0,0,0,0,0,0,0,0,0,0,0,0,0,0,0,0,0,0,0,0,0,0,0,0,0,0,0,0,0,0,0,0,0,0,0,0,0,0,0,0,0,0,0,0
-3.14317E-14,-1.37959E-14,-9.1295E-15,-7.09575E-15,-5.19967E-15,-4.4572E-15,-2.94226E-15,-2.74888E-15,-2.137E-15,-2.35388E-15,-2.73091E-15,-2.89489E-15,-3.39263E-15,-3.47594E-15,-2.9156E-15,-2.87106E-15,-2.38824E-15,-1.9074E-15,-1.95306E-15,-1.46231E-15,-6.21455E-16,-2.72113E-16,-3.68737E-17,-6.45145E-16,-1.41021E-15,-1.17663E-15,-4.79525E-16,0,0,0,0,0,0,0,0,0,0,0,0,0,0,0,0,0,0,0,0,0,0,0,0,0,0,0,0,0,0,0,0,0,0,0,0,0,0,0,0,0,0,0,0
0.003591958,0.002939577,0.002167312,0.001979585,0.00189519,0.001732209,0.001507582,0.001301108,0.00110683,0.00094233,0.00080672,0.000704371,0.000561203,0.000414727,0.000265016,0.000103692,3.0577E-05,7.79888E-18,4.03986E-17,6.40754E-07,1.69972E-06,6.62748E-06,1.24534E-05,8.14895E-06,1.96147E-06,2.3021E-16,9.38201E-17,0,0,0,0,0,0,0,0,0,0,0,0,0,0,0,0,0,0,0,0,0,0,0,0,0,0,0,0,0,0,0,0,0,0,0,0,0,0,0,0,0,0,0,0
-0.012632092,-0.008472978,-0.004425536,0,0,0,0,0,0,0,0,0,0,0,0,0,0,0,0,0,0,0,0,0,0,0,0,0,0,0,0,0,0,0,0,0,0,0,0,0,0,0,0,0,0,0,0,0,0,0,0,0,0,0,0,0,0,0,0,0,0,0,0,0,0,0,0,0,0,0,0
-5.95659E-05,-2.57913E-05,-3.55913E-06,0,0,0,0,0,0,0,0,0,0,0,0,0,0,0,0,0,0,0,0,0,0,0,0,0,0,0,0,0,0,0,0,0,0,0,0,0,0,0,0,0,0,0,0,0,0,0,0,0,0,0,0,0,0,0,0,0,0,0,0,0,0,0,0,0,0,0,0
6.95892E-15,3.77911E-15,1.52277E-15,0,0,0,0,0,0,0,0,0,0,0,0,0,0,0,0,0,0,0,0,0,0,0,0,0,0,0,0,0,0,0,0,0,0,0,0,0,0,0,0,0,0,0,0,0,0,0,0,0,0,0,0,0,0,0,0,0,0,0,0,0,0,0,0,0,0,0,0
-0.57667677,-0.479397066,-0.385240622,-0.337212654,-0.309516943,-0.282892177,-0.256942074,-0.230750904,-0.209559899,-0.194475878,-0.180660092,-0.167085677,-0.153588307,-0.140266031,-0.127300992,-0.114451398,-0.101619342,-0.088882283,-0.076426501,-0.06405811,-0.051746756,-0.039425761,-0.027102527,-0.015345481,-0.003693681,0,0,0,0,0,0,0,0,0,0,0,0,0,0,0,0,0,0,0,0,0,0,0,0,0,0,0,0,0,0,0,0,0,0,0,0,0,0,0,0,0,0,0,0,0,0
-0.501248033,-0.281064478,-0.068700175,0,0,0,0,0.003940485,0.003554554,0,0,0,0,0,0,0,0,0,0,0,0,0,0,0,0,0,0,0,0,0,0,0,0,0,0,0,0,0,0,0,0,0,0,0,0,0,0,0,0,0,0,0,0,0,0,0,0,0,0,0,0,0,0,0,0,0,0,0,0,0,0
-0.795491525,-0.66698888,-0.541332001,-0.478906917,-0.445264831,-0.41294722,-0.381434233,-0.349308027,-0.323146289,-0.304488399,-0.286662505,-0.26896231,-0.251337531,-0.233949449,-0.217004054,-0.200345457,-0.183761221,-0.167344811,-0.15137384,-0.135489189,-0.119660877,-0.103844903,-0.088031792,-0.072420002,-0.056845634,-0.046342849,-0.038193988,-0.030760876,-0.024905224,-0.019049572,-0.013244441,-0.007459938,-0.001675435,-0.000605875,-0.000340118,-7.43616E-05,0,0,0,0,0,0,0,0,0,0,0,0,0,0,0,0,0,0,0,0,0,0,0,0,0,0,0,0,0,0,0,0,0,0,0
-0.145292348,-0.114359334,-0.077698839,-0.033678217,-0.000853993,0,0,0,0,0,0,0,0,0,0,0,0,0,0,0,0,0,0,0,0,0,0,0,0,0,0,0,0,0,0,0,0,0,0,0,0,0,0,0,0,0,0,0,0,0,0,0,0,0,0,0,0,0,0,0,0,0,0,0,0,0,0,0,0,0,0
-0.01307816,0,0,0,0,0,0,0,0,0,0,0,0,0,0,0,0,0,0,0,0,0,0,0,0,0,0,0,0,0,0,0,0,0,0,0,0,0,0,0,0,0,0,0,0,0,0,0,0,0,0,0,0,0,0,0,0,0,0,0,0,0,0,0,0,0,0,0,0,0,0
0,0,0,0,0,0,0,0,0,0,0,0,0,0,0,0,0,0,0,0,0,0,0,0,0,0,0,0,0,0,0,0,0,0,0,0,0,0,0,0,0,0,0,0,0,0,0,0,0,0,0,0,0,0,0,0,0,0,0,0,0,0,0,0,0,0,0,0,0,0,0
-0.114816235,-0.089283669,-0.060943423,-0.028885982,-0.002751147,0,0,0,0,0,0,0,0,0,0,0,0,0,0,0,0,0,0,0,0,0,0,0,0,0,0,0,0,0,0,0,0,0,0,0,0,0,0,0,0,0,0,0,0,0,0,0,0,0,0,0,0,0,0,0,0,0,0,0,0,0,0,0,0,0,0
-0.140944786,-0.108437864,-0.070500348,-0.030118094,-0.001089802,0,0,0,0,0,0,0,0,0,0,0,0,0,0,0,0,0,0,0,0,0,0,0,0,0,0,0,0,0,0,0,0,0,0,0,0,0,0,0,0,0,0,0,0,0,0,0,0,0,0,0,0,0,0,0,0,0,0,0,0,0,0,0,0,0,0
-0.307288401,-0.277902638,-0.243229858,-0.202363616,-0.163662431,-0.129427072,-0.097804859,-0.069369699,-0.040744813,-0.013787391,0,0,0,0,0,0,0,0,0,0,0,0,0,0,0,0,0,0,0,0,0,0,0,0,0,0,0,0,0,0,0,0,0,0,0,0,0,0,0,0,0,0,0,0,0,0,0,0,0,0,0,0,0,0,0,0,0,0,0,0,0
0.048609834,0.041887061,0.035761897,0.025808711,0.010612165,0,0,0,0,0,0,0,0,0,0,0,0,0,0,0,0,0,0,0,0,0,0,0,0,0,0,0,0,0,0,0,0,0,0,0,0,0,0,0,0,0,0,0,0,0,0,0,0,0,0,0,0,0,0,0,0,0,0,0,0,0,0,0,0,0,0
-0.205415446,-0.179288883,-0.151294474,-0.122587623,-0.097717632,-0.075118778,-0.053934815,-0.035080697,-0.015299145,-0.000544511,0,0,0,0,0,0,0,0,0,0,0,0,0,0,0,0,0,0,0,0,0,0,0,0,0,0,0,0,0,0,0,0,0,0,0,0,0,0,0,0,0,0,0,0,0,0,0,0,0,0,0,0,0,0,0,0,0,0,0,0,0
0.011713249,0,0,0,0,0,0,0,0,0,0,0,0,0,0,0,0,0,0,0,0,0,0,0,0,0,0,0,0,0,0,0,0,0,0,0,0,0,0,0,0,0,0,0,0,0,0,0,0,0,0,0,0,0,0,0,0,0,0,0,0,0,0,0,0,0,0,0,0,0,0
0.177195112,0.149418628,0.121225594,0.099832172,0.077585084,0.050422109,0.02224019,0.001318704,0,0,0,0,0,0,0,0,0,0,0,0,0,0,0,0,0,0,0,0,0,0,0,0,0,0,0,0,0,0,0,0,0,0,0,0,0,0,0,0,0,0,0,0,0,0,0,0,0,0,0,0,0,0,0,0,0,0,0,0,0,0,0
0.045735075,0.019662961,0,0,0,0,0,0,0,0,0,0,0,0,0,0,0,0,0,0,0,0,0,0,0,0,0,0,0,0,0,0,0,0,0,0,0,0,0,0,0,0,0,0,0,0,0,0,0,0,0,0,0,0,0,0,0,0,0,0,0,0,0,0,0,0,0,0,0,0,0
-0.110035331,-0.078159673,-0.041884706,-0.003615433,0,0,0,0,0,0,0,0,0,0,0,0,0,0,0,0,0,0,0,0,0,0,0,0,0,0,0,0,0,0,0,0,0,0,0,0,0,0,0,0,0,0,0,0,0,0,0,0,0,0,0,0,0,0,0,0,0,0,0,0,0,0,0,0,0,0,0
0.304796598,0.277827377,0.249739422,0.217701968,0.176692367,0.128594445,0.079363175,0.028388948,0,0,0,0,0,0,0,0,0,0,0,0,0,0,0,0,0,0,0,0,0,0,0,0,0,0,0,0,0,0,0,0,0,0,0,0,0,0,0,0,0,0,0,0,0,0,0,0,0,0,0,0,0,0,0,0,0,0,0,0,0,0,0
0.028291186,0.011356895,0,0,0,0,0,0,0,0,0,0,0,0,0,0,0,0,0,0,0,0,0,0,0,0,0,0,0,0,0,0,0,0,0,0,0,0,0,0,0,0,0,0,0,0,0,0,0,0,0,0,0,0,0,0,0,0,0,0,0,0,0,0,0,0,0,0,0,0,0
0.007038996,0,0,0,0,0,0,0,0,0,0,0,0,0,0,0,0,0,0,0,0,0,0,0,0,0,0,0,0,0,0,0,0,0,0,0,0,0,0,0,0,0,0,0,0,0,0,0,0,0,0,0,0,0,0,0,0,0,0,0,0,0,0,0,0,0,0,0,0,0,0
-0.171624042,-0.147718293,-0.118014745,-0.081177285,-0.046863283,-0.017446966,-0.000131657,0,0,0,0,0,0,0,0,0,0,0,0,0,0,0,0,0,0,0,0,0,0,0,0,0,0,0,0,0,0,0,0,0,0,0,0,0,0,0,0,0,0,0,0,0,0,0,0,0,0,0,0,0,0,0,0,0,0,0,0,0,0,0,0
0.028687362,0.010363642,0,0,0,0,0,0,0,0,0,0,0,0,0,0,0,0,0,0,0,0,0,0,0,0,0,0,0,0,0,0,0,0,0,0,0,0,0,0,0,0,0,0,0,0,0,0,0,0,0,0,0,0,0,0,0,0,0,0,0,0,0,0,0,0,0,0,0,0,0
-0.019472049,0,0,0,0,0,0,0,0,0,0,0,0,0,0,0,0,0,0,0,0,0,0,0,0,0,0,0,0,0,0,0,0,0,0,0,0,0,0,0,0,0,0,0,0,0,0,0,0,0,0,0,0,0,0,0,0,0,0,0,0,0,0,0,0,0,0,0,0,0,0
-0.158765774,-0.134488875,-0.106849718,-0.0746134,-0.046398215,-0.021620947,-0.000411939,0,0,0,0,0,0,0,0,0,0,0,0,0,0,0,0,0,0,0,0,0,0,0,0,0,0,0,0,0,0,0,0,0,0,0,0,0,0,0,0,0,0,0,0,0,0,0,0,0,0,0,0,0,0,0,0,0,0,0,0,0,0,0,0
0.158488118,0.130793597,0.105795587,0.090848728,0.071992875,0.049909565,0.027251518,0.004934025,0,0,0,0,0,0,0,0,0,0,0,0,0,0,0,0,0,0,0,0,0,0,0,0,0,0,0,0,0,0,0,0,0,0,0,0,0,0,0,0,0,0,0,0,0,0,0,0,0,0,0,0,0,0,0,0,0,0,0,0,0,0,0
-0.055918248,-0.024682813,0,0,0,0,0,0,0,0,0,0,0,0,0,0,0,0,0,0,0,0,0,0,0,0,0,0,0,0,0,0,0,0,0,0,0,0,0,0,0,0,0,0,0,0,0,0,0,0,0,0,0,0,0,0,0,0,0,0,0,0,0,0,0,0,0,0,0,0,0
0.238810761,0.210583534,0.185367826,0.165541527,0.145269722,0.120862558,0.095394151,0.067221636,0.039527065,0.013038043,0,0,0,0,0,0,0,0,0,0,0,0,0,0,0,0,0,0,0,0,0,0,0,0,0,0,0,0,0,0,0,0,0,0,0,0,0,0,0,0,0,0,0,0,0,0,0,0,0,0,0,0,0,0,0,0,0,0,0,0,0
0.049357348,0.017981998,0,0,0,0,0,0,0,0,0,0,0,0,0,0,0,0,0,0,0,0,0,0,0,0,0,0,0,0,0,0,0,0,0,0,0,0,0,0,0,0,0,0,0,0,0,0,0,0,0,0,0,0,0,0,0,0,0,0,0,0,0,0,0,0,0,0,0,0,0
0.022463967,0,0,0,0,0,0,0,0,0,0,0,0,0,0,0,0,0,0,0,0,0,0,0,0,0,0,0,0,0,0,0,0,0,0,0,0,0,0,0,0,0,0,0,0,0,0,0,0,0,0,0,0,0,0,0,0,0,0,0,0,0,0,0,0,0,0,0,0,0,0
0.063026419,0.043980123,0.026108754,0.013013749,0.000272424,0,0,0,0,0,0,0,0,0,0,0,0,0,0,0,0,0,0,0,0,0,0,0,0,0,0,0,0,0,0,0,0,0,0,0,0,0,0,0,0,0,0,0,0,0,0,0,0,0,0,0,0,0,0,0,0,0,0,0,0,0,0,0,0,0,0
-0.036530105,-0.036442864,-0.035539836,-0.034132896,-0.019216551,-0.006806504,-2.42129E-05,0,0,0,0,0,0,0,0,0,0,0,0,0,0,0,0,0,0,0,0,0,0,0,0,0,0,0,0,0,0,0,0,0,0,0,0,0,0,0,0,0,0,0,0,0,0,0,0,0,0,0,0,0,0,0,0,0,0,0,0,0,0,0,0
0.099662323,0.069941992,0.035941947,0.003808613,0,0,0,0,0,0,0,0,0,0,0,0,0,0,0,0,0,0,0,0,0,0,0,0,0,0,0,0,0,0,0,0,0,0,0,0,0,0,0,0,0,0,0,0,0,0,0,0,0,0,0,0,0,0,0,0,0,0,0,0,0,0,0,0,0,0,0
0.048537221,0.034072056,0.019856468,0.009387189,0.007296294,0.001847984,0,0,0,0,0,0,0,0,0,0,0,0,0,0,0,0,0,0,0,0,0,0,0,0,0,0,0,0,0,0,0,0,0,0,0,0,0,0,0,0,0,0,0,0,0,0,0,0,0,0,0,0,0,0,0,0,0,0,0,0,0,0,0,0,0
0,0,0,0,0,0,0,0,0,0,0,0,0,0,0,0,0,0,0,0,0,0,0,0,0,0,0,0,0,0,0,0,0,0,0,0,0,0,0,0,0,0,0,0,0,0,0,0,0,0,0,0,0,0,0,0,0,0,0,0,0,0,0,0,0,0,0,0,0,0,0
-0.132909224,-0.11742385,-0.099986964,-0.083490028,-0.061620019,-0.044839208,-0.026908592,-0.00952803,0,0,0,0,0,0,0,0,0,0,0,0,0,0,0,0,0,0,0,0,0,0,0,0,0,0,0,0,0,0,0,0,0,0,0,0,0,0,0,0,0,0,0,0,0,0,0,0,0,0,0,0,0,0,0,0,0,0,0,0,0,0,0
0.717765729,0.670734633,0.614887817,0.557334087,0.505952527,0.462452309,0.426673754,0.39376843,0.358569847,0.322418485,0.291988038,0.267240766,0.242482236,0.218631789,0.196469036,0.175863092,0.155546113,0.135010197,0.113435083,0.091714973,0.069900226,0.047888691,0.025831472,0.013640373,0.003283259,0,0,0,0,0,0,0,0,0,0,0,0,0,0,0,0,0,0,0,0,0,0,0,0,0,0,0,0,0,0,0,0,0,0,0,0,0,0,0,0,0,0,0,0,0,0
0.507185781,0.477315755,0.442728857,0.405536057,0.372478694,0.342421496,0.315540149,0.290318859,0.264261488,0.238157443,0.217235412,0.201280904,0.184822387,0.168692605,0.153457407,0.13909912,0.124949867,0.110718059,0.095975625,0.081289475,0.066640059,0.052019782,0.037406269,0.024980454,0.012961306,0.006514933,0.002655108,0,0,0,0,0,0,0,0,0,0,0,0,0,0,0,0,0,0,0,0,0,0,0,0,0,0,0,0,0,0,0,0,0,0,0,0,0,0,0,0,0,0,0,0
0.224346037,0.201940172,0.177450718,0.150836079,0.124741773,0.100866716,0.078171583,0.055939098,0.033212294,0.011338479,0,0,0,0,0,0,0,0,0,0,0,0,0,0,0,0,0,0,0,0,0,0,0,0,0,0,0,0,0,0,0,0,0,0,0,0,0,0,0,0,0,0,0,0,0,0,0,0,0,0,0,0,0,0,0,0,0,0,0,0,0
0,0,0,0,0,0,0,0,0,0,0,0,0,0,0,0,0,0,0,0,0,0,0,0,0,0,0,0,0,0,0,0,0,0,0,0,0,0,0,0,0,0,0,0,0,0,0,0,0,0,0,0,0,0,0,0,0,0,0,0,0,0,0,0,0,0,0,0,0,0,0
-0.041252201,-0.027155688,-0.011467538,0,0,0,0,0,0,0,0,0,0,0,0,0,0,0,0,0,0,0,0,0,0,0,0,0,0,0,0,0,0,0,0,0,0,0,0,0,0,0,0,0,0,0,0,0,0,0,0,0,0,0,0,0,0,0,0,0,0,0,0,0,0,0,0,0,0,0,0
-0.163737911,-0.140574223,-0.116677916,-0.097932846,-0.085392853,-0.074167584,-0.060942974,-0.047603188,-0.034430283,-0.02104917,-0.007148256,0,0,0,0,0,0,0,0,0,0,0,0,0,0,0,0,0,0,0,0,0,0,0,0,0,0,0,0,0,0,0,0,0,0,0,0,0,0,0,0,0,0,0,0,0,0,0,0,0,0,0,0,0,0,0,0,0,0,0,0
-0.405042115,-0.393349228,-0.378268215,-0.364583676,-0.3579235,-0.352539496,-0.344363992,-0.336219763,-0.326180415,-0.313775597,-0.298865652,-0.284051647,-0.27182353,-0.259962358,-0.248060556,-0.236552799,-0.225538548,-0.214846314,-0.204592372,-0.194416236,-0.184290883,-0.174329463,-0.164406099,-0.154509246,-0.144617322,-0.134366483,-0.123949058,-0.112784894,-0.099974972,-0.08716505,-0.074887192,-0.062826571,-0.050765949,-0.038616876,-0.026452723,-0.01428857,-0.008605898,-0.00544144,-0.002276982,0,0,0,0,0,0,0,0,0,0,0,0,0,0,0,0,0,0,0,0,0,0,0,0,0,0,0,0,0,0,0,0
0.030197884,0.01505337,0.000129821,0,0,0,0,0,0,0,0,0,0,0,0,0,0,0,0,0,0,0,0,0,0,0,0,0,0,0,0,0,0,0,0,0,0,0,0,0,0,0,0,0,0,0,0,0,0,0,0,0,0,0,0,0,0,0,0,0,0,0,0,0,0,0,0,0,0,0,0
0,0,0,0,0,0,0,0,0,0,0,0,0,0,0,0,0,0,0,0,0,0,0,0,0,0,0,0,0,0,0,0,0,0,0,0,0,0,0,0,0,0,0,0,0,0,0,0,0,0,0,0,0,0,0,0,0,0,0,0,0,0,0,0,0,0,0,0,0,0,0
-0.040139773,-0.044371765,-0.045388523,-0.036565071,-0.028440095,-0.020143912,-0.011981303,-0.003584693,0,0,0,0,0,0,0,0,0,0,0,0,0,0,0,0,0,0,0,0,0,0,0,0,0,0,0,0,0,0,0,0,0,0,0,0,0,0,0,0,0,0,0,0,0,0,0,0,0,0,0,0,0,0,0,0,0,0,0,0,0,0,0
0,0,0,0,0,0,0,0,0,0,0,0,0,0,0,0,0,0,0,0,0,0,0,0,0,0,0,0,0,0,0,0,0,0,0,0,0,0,0,0,0,0,0,0,0,0,0,0,0,0,0,0,0,0,0,0,0,0,0,0,0,0,0,0,0,0,0,0,0,0,0
0.103238248,0.111636079,0.120379188,0.12720704,0.131042233,0.12152884,0.111941738,0.102417347,0.092611004,0.082568153,0.072513001,0.062678166,0.053055923,0.043335089,0.033094077,0.022872176,0.012691804,0.004232764,0.001198356,0,0,0,0,0,0,0,0,0,0,0,0,0,0,0,0,0,0,0,0,0,0,0,0,0,0,0,0,0,0,0,0,0,0,0,0,0,0,0,0,0,0,0,0,0,0,0,0,0,0,0,0
-0.10019312,-0.073227544,-0.045377797,-0.020315158,-0.000820302,0,0,0,0,0,0,0,0,0,0,0,0,0,0,0,0,0,0,0,0,0,0,0,0,0,0,0,0,0,0,0,0,0,0,0,0,0,0,0,0,0,0,0,0,0,0,0,0,0,0,0,0,0,0,0,0,0,0,0,0,0,0,0,0,0,0
0,0,0,0,0,0,0,0,0,0,0,0,0,0,0,0,0,0,0,0,0,0,0,0,0,0,0,0,0,0,0,0,0,0,0,0,0,0,0,0,0,0,0,0,0,0,0,0,0,0,0,0,0,0,0,0,0,0,0,0,0,0,0,0,0,0,0,0,0,0,0
-0.127235207,-0.119358465,-0.111356495,-0.096616622,-0.076037312,-0.053519149,-0.031500495,-0.014591817,0,0,0,0,0,0,0,0,0,0,0,0,0,0,0,0,0,0,0,0,0,0,0,0,0,0,0,0,0,0,0,0,0,0,0,0,0,0,0,0,0,0,0,0,0,0,0,0,0,0,0,0,0,0,0,0,0,0,0,0,0,0,0
0.138532776,0.152015428,0.165984007,0.167540223,0.165153616,0.161521296,0.15806861,0.153609475,0.148216048,0.138775977,0.129616082,0.119644228,0.109868872,0.100994194,0.092700707,0.084458556,0.076154933,0.068092484,0.060869945,0.053774981,0.046763284,0.039811958,0.032874647,0.0249879,0.016924664,0.010229324,0.004168879,0,0,0,0,0,0,0,0,0,0,0,0,0,0,0,0,0,0,0,0,0,0,0,0,0,0,0,0,0,0,0,0,0,0,0,0,0,0,0,0,0,0,0,0
0,-0.010774231,-0.025321373,-0.027979485,-0.021572919,-0.012134307,-0.001848518,0,0,0,0,0,0,0,0,0,0,0,0,0,0,0,0,0,0,0,0,0,0,0,0,0,0,0,0,0,0,0,0,0,0,0,0,0,0,0,0,0,0,0,0,0,0,0,0,0,0,0,0,0,0,0,0,0,0,0,0,0,0,0,0
-0.000102776,-9.52838E-05,-0.000181606,-0.000219732,-1.94981E-05,-2.12146E-05,-2.5332E-05,-7.55288E-06,0,-5.91559E-07,-1.08712E-06,0,0,0,-7.74871E-06,-9.90007E-05,-8.93078E-05,-4.54729E-05,-1.2874E-05,0,0,0,0,0,0,0,0,0,0,0,0,0,0,0,0,0,0,0,0,0,0,0,0,0,0,0,0,0,0,0,0,0,0,0,0,0,0,0,0,0,0,0,0,0,0,0,0,0,0,0,0
0.000285755,0,0,0,0,0,0,0,0,0,0,0,0,0,0,0,0,0,0,0,0,0,0,0,0,0,0,0,0,0,0,0,0,0,0,0,0,0,0,0,0,0,0,0,0,0,0,0,0,0,0,0,0,0,0,0,0,0,0,0,0,0,0,0,0,0,0,0,0,0,0
-0.087590813,-0.064941303,-0.037193075,-0.012072278,0,0,0,0,0,0,0,0,0,0,0,0,0,0,0,0,0,0,0,0,0,0,0,0,0,0,0,0,0,0,0,0,0,0,0,0,0,0,0,0,0,0,0,0,0,0,0,0,0,0,0,0,0,0,0,0,0,0,0,0,0,0,0,0,0,0,0
1.96309E-12,1.42355E-12,7.48578E-13,3.21506E-13,0,0,0,0,0,0,0,0,0,0,0,0,0,0,0,0,0,0,0,0,0,0,0,0,0,0,0,0,0,0,0,0,0,0,0,0,0,0,0,0,0,0,0,0,0,0,0,0,0,0,0,0,0,0,0,0,0,0,0,0,0,0,0,0,0,0,0
-0.476680406,-0.476036056,-0.477325054,-0.473806434,-0.468337677,-0.465550412,-0.46365733,-0.464699098,-0.466652917,-0.467894063,-0.468640229,-0.468402263,-0.467335103,-0.465647718,-0.46389677,-0.462056355,-0.460343,-0.458123088,-0.45414149,-0.450124508,-0.446084432,-0.442027345,-0.43796631,-0.432938995,-0.427732062,-0.420148577,-0.41146204,-0.402348776,-0.392295036,-0.382241297,-0.372221791,-0.362216262,-0.352210733,-0.340967928,-0.329514192,-0.318060456,-0.30468477,-0.29056236,-0.276439949,-0.262115585,-0.247273072,-0.232430559,-0.217588046,-0.202670525,-0.187679583,-0.172688641,-0.157697699,-0.142624227,-0.127405406,-0.112186584,-0.096967763,-0.081748941,-0.06604263,-0.050225688,-0.034408745,-0.018591803,-0.00277486,0,0,0,0,0,0,0,0,0,0,0,0,0,0
8.38895E-12,7.92329E-12,7.39605E-12,7.05828E-12,6.77667E-12,6.63158E-12,6.47526E-12,6.31852E-12,6.16192E-12,6.03992E-12,5.91859E-12,5.79413E-12,5.66849E-12,5.54396E-12,5.42156E-12,5.28608E-12,5.12825E-12,4.97377E-12,4.85645E-12,4.73817E-12,4.61926E-12,4.46609E-12,4.30496E-12,4.13247E-12,3.95787E-12,3.78066E-12,3.60224E-12,3.43408E-12,3.28852E-12,3.14297E-12,3.00208E-12,2.8631E-12,2.72411E-12,2.58595E-12,2.44792E-12,2.30989E-12,2.17943E-12,2.05191E-12,1.92439E-12,1.80316E-12,1.69808E-12,1.59299E-12,1.48791E-12,1.37517E-12,1.25493E-12,1.13469E-12,1.01445E-12,9.00277E-13,7.96805E-13,6.93333E-13,5.8986E-13,4.86388E-13,3.90939E-13,2.97311E-13,2.03682E-13,1.10054E-13,1.64258E-14,0,0,0,0,0,0,0,0,0,0,0,0,0,0
-0.067967623,-0.070559758,-0.073367386,-0.0750612,-0.075519384,-0.071862667,-0.066824264,-0.060805563,-0.054491935,-0.047840946,-0.041088352,-0.033930954,-0.024945947,-0.013833546,-0.003219229,-0.000687967,0,0,0,0,0,0,0,0,0,0,0,0,0,0,0,0,0,0,0,0,0,0,0,0,0,0,0,0,0,0,0,0,0,0,0,0,0,0,0,0,0,0,0,0,0,0,0,0,0,0,0,0,0,0,0
3.01716E-16,0,0,0,0,0,0,0,0,0,0,0,0,0,0,0,0,0,0,0,0,0,0,0,0,0,0,0,0,0,0,0,0,0,0,0,0,0,0,0,0,0,0,0,0,0,0,0,0,0,0,0,0,0,0,0,0,0,0,0,0,0,0,0,0,0,0,0,0,0,0
-0.019302053,-0.0004984,0,0,0,0,0,0,0,0,0,0,0,0,0,0,0,0,0,0,0,0,0,0,0,0,0,0,0,0,0,0,0,0,0,0,0,0,0,0,0,0,0,0,0,0,0,0,0,0,0,0,0,0,0,0,0,0,0,0,0,0,0,0,0,0,0,0,0,0,0
2.43858E-13,7.74095E-15,0,0,0,0,0,0,0,0,0,0,0,0,0,0,0,0,0,0,0,0,0,0,0,0,0,0,0,0,0,0,0,0,0,0,0,0,0,0,0,0,0,0,0,0,0,0,0,0,0,0,0,0,0,0,0,0,0,0,0,0,0,0,0,0,0,0,0,0,0
0.010551809,0,0,0,0,0,0,0,0,0,0,0,0,0,0,0,0,0,0,0,0,0,0,0,0,0,0,0,0,0,0,0,0,0,0,0,0,0,0,0,0,0,0,0,0,0,0,0,0,0,0,0,0,0,0,0,0,0,0,0,0,0,0,0,0,0,0,0,0,0,0
0,0,0,0,0,0,0,0,0,0,0,0,0,0,0,0,0,0,0,0,0,0,0,0,0,0,0,0,0,0,0,0,0,0,0,0,0,0,0,0,0,0,0,0,0,0,0,0,0,0,0,0,0,0,0,0,0,0,0,0,0,0,0,0,0,0,0,0,0,0,0
0.140375814,0.106256025,0.072189143,0.038777113,0.010303394,0,0,0,0,0,0,0,0,0,0,0,0,0,0,0,0,0,0,0,0,0,0,0,0,0,0,0,0,0,0,0,0,0,0,0,0,0,0,0,0,0,0,0,0,0,0,0,0,0,0,0,0,0,0,0,0,0,0,0,0,0,0,0,0,0,0
-0.000668385,-0.000442054,-0.000118234,-2.71619E-05,-2.40031E-06,0,0,0,0,0,0,0,0,0,0,0,0,0,0,0,0,0,0,0,0,0,0,0,0,0,0,0,0,0,0,0,0,0,0,0,0,0,0,0,0,0,0,0,0,0,0,0,0,0,0,0,0,0,0,0,0,0,0,0,0,0,0,0,0,0,0
-0.033571762,-0.021195112,-0.011870745,-0.004836142,0,0,0,0,0,0,0,0,0,0,0,0,0,0,0,0,0,0,0,0,0,0,0,0,0,0,0,0,0,0,0,0,0,0,0,0,0,0,0,0,0,0,0,0,0,0,0,0,0,0,0,0,0,0,0,0,0,0,0,0,0,0,0,0,0,0,0
2.23804E-12,1.5328E-12,8.06628E-13,3.46459E-13,0,0,0,0,0,0,0,0,0,0,0,0,0,0,0,0,0,0,0,0,0,0,0,0,0,0,0,0,0,0,0,0,0,0,0,0,0,0,0,0,0,0,0,0,0,0,0,0,0,0,0,0,0,0,0,0,0,0,0,0,0,0,0,0,0,0,0
0.114361075,0.076982164,0.047911381,0.019808245,9.43315E-05,0,0,0,0,0,0,0,0,0,0,0,0,0,0,0,0,0,0,0,0,0,0,0,0,0,0,0,0,0,0,0,0,0,0,0,0,0,0,0,0,0,0,0,0,0,0,0,0,0,0,0,0,0,0,0,0,0,0,0,0,0,0,0,0,0,0
-1.13226E-12,-9.16052E-13,-4.9914E-13,-2.37166E-13,-1.4948E-14,0,0,0,0,0,0,0,0,0,0,0,0,0,0,0,0,0,0,0,0,0,0,0,0,0,0,0,0,0,0,0,0,0,0,0,0,0,0,0,0,0,0,0,0,0,0,0,0,0,0,0,0,0,0,0,0,0,0,0,0,0,0,0,0,0,0
-0.284238548,-0.260147404,-0.236230128,-0.213447233,-0.190387262,-0.167431807,-0.145479436,-0.125512676,-0.103613888,-0.082285222,-0.061259903,-0.040569756,-0.020105699,-0.004611654,0,0,0,0,0,0,0,0,0,0,0,0,0,0,0,0,0,0,0,0,0,0,0,0,0,0,0,0,0,0,0,0,0,0,0,0,0,0,0,0,0,0,0,0,0,0,0,0,0,0,0,0,0,0,0,0,0
0.010202791,0.005506403,0.001692338,0.000271882,0,0,0,0,0,0,0,0,0,0,0,0,0,0,0,0,0,0,0,0,0,0,0,0,0,0,0,0,0,0,0,0,0,0,0,0,0,0,0,0,0,0,0,0,0,0,0,0,0,0,0,0,0,0,0,0,0,0,0,0,0,0,0,0,0,0,0
0.165240954,0.142272463,0.116755034,0.089585292,0.062524618,0.037479011,0.014440383,0.000332575,0,0,0,0,0,0,0,0,0,0,0,0,0,0,0,0,0,0,0,0,0,0,0,0,0,0,0,0,0,0,0,0,0,0,0,0,0,0,0,0,0,0,0,0,0,0,0,0,0,0,0,0,0,0,0,0,0,0,0,0,0,0,0
-1.49282E-12,-1.26178E-12,-8.46411E-13,-5.89454E-13,-3.6979E-13,-2.67217E-13,-1.49744E-13,-3.39414E-14,0,0,0,0,0,0,0,0,0,0,0,0,0,0,0,0,0,0,0,0,0,0,0,0,0,0,0,0,0,0,0,0,0,0,0,0,0,0,0,0,0,0,0,0,0,0,0,0,0,0,0,0,0,0,0,0,0,0,0,0,0,0,0
-0.229724048,-0.219133232,-0.203254476,-0.193793296,-0.18145617,-0.166119182,-0.15107536,-0.13602539,-0.123001338,-0.11358209,-0.104791452,-0.095989811,-0.087626555,-0.079441968,-0.070615261,-0.061485792,-0.052560753,-0.043990423,-0.036305449,-0.028540164,-0.020722462,-0.012956275,-0.005202047,-0.002430426,-0.000585007,0,0,0,0,0,0,0,0,0,0,0,0,0,0,0,0,0,0,0,0,0,0,0,0,0,0,0,0,0,0,0,0,0,0,0,0,0,0,0,0,0,0,0,0,0,0
7.84291E-05,0,0.003849308,0.001817775,0,0,0,0,0,0,0,0,0,0,0,0,0,0,0,0,0,0,0,0,0,0,0,0,0,0,0,0,0,0,0,0,0,0,0,0,0,0,0,0,0,0,0,0,0,0,0,0,0,0,0,0,0,0,0,0,0,0,0,0,0,0,0,0,0,0,0
0.030762387,0.015804021,0,0,0,0,0,0,0,0,0,0,0,0,0,0,0,0,0,0,0,0,0,0,0,0,0,0,0,0,0,0,0,0,0,0,0,0,0,0,0,0,0,0,0,0,0,0,0,0,0,0,0,0,0,0,0,0,0,0,0,0,0,0,0,0,0,0,0,0,0
-0.001068274,0,0,0,0,0,0,0,0,0,0,0,0,0,0,0,0,0,0,0,0,0,0,0,0,0,0,0,0,0,0,0,0,0,0,0,0,0,0,0,0,0,0,0,0,0,0,0,0,0,0,0,0,0,0,0,0,0,0,0,0,0,0,0,0,0,0,0,0,0,0
-0.083472335,-0.066728866,-0.049475215,-0.032998439,-0.021173566,-0.00917066,-0.000170174,0,0,0,0,0,0,0,0,0,0,0,0,0,0,0,0,0,0,0,0,0,0,0,0,0,0,0,0,0,0,0,0,0,0,0,0,0,0,0,0,0,0,0,0,0,0,0,0,0,0,0,0,0,0,0,0,0,0,0,0,0,0,0,0
1.86738E-12,1.44096E-12,9.17328E-13,5.85176E-13,3.03712E-13,1.58955E-13,3.94116E-15,0,0,0,0,0,0,0,0,0,0,0,0,0,0,0,0,0,0,0,0,0,0,0,0,0,0,0,0,0,0,0,0,0,0,0,0,0,0,0,0,0,0,0,0,0,0,0,0,0,0,0,0,0,0,0,0,0,0,0,0,0,0,0,0
-0.277006879,-0.232740942,-0.188313266,-0.151696069,-0.117903239,-0.085865593,-0.056420612,-0.031236567,-0.007062382,0,0,0,0,0,0,0,0,0,0,0,0,0,0,0,0,0,0,0,0,0,0,0,0,0,0,0,0,0,0,0,0,0,0,0,0,0,0,0,0,0,0,0,0,0,0,0,0,0,0,0,0,0,0,0,0,0,0,0,0,0,0
2.37314E-12,1.80343E-12,1.27647E-12,9.47067E-13,6.79484E-13,5.29107E-13,3.78192E-13,2.31409E-13,8.6411E-14,0,0,0,0,0,0,0,0,0,0,0,0,0,0,0,0,0,0,0,0,0,0,0,0,0,0,0,0,0,0,0,0,0,0,0,0,0,0,0,0,0,0,0,0,0,0,0,0,0,0,0,0,0,0,0,0,0,0,0,0,0,0
-0.050789045,-0.033273133,-0.015702712,-0.004079155,0,0,0,0,0,0,0,0,0,0,0,0,0,0,0,0,0,0,0,0,0,0,0,0,0,0,0,0,0,0,0,0,0,0,0,0,0,0,0,0,0,0,0,0,0,0,0,0,0,0,0,0,0,0,0,0,0,0,0,0,0,0,0,0,0,0,0
9.26967E-13,6.22145E-13,2.98023E-13,9.75267E-14,0,0,0,0,0,0,0,0,0,0,0,0,0,0,0,0,0,0,0,0,0,0,0,0,0,0,0,0,0,0,0,0,0,0,0,0,0,0,0,0,0,0,0,0,0,0,0,0,0,0,0,0,0,0,0,0,0,0,0,0,0,0,0,0,0,0,0
0.025245843,0.007915999,0,0,0,0,0,0,0,0,0,0,0,0,0,0,0,0,0,0,0,0,0,0,0,0,0,0,0,0,0,0,0,0,0,0,0,0,0,0,0,0,0,0,0,0,0,0,0,0,0,0,0,0,0,0,0,0,0,0,0,0,0,0,0,0,0,0,0,0,0
0,-2.18365E-14,0,0,0,0,0,0,0,0,0,0,0,0,0,0,0,0,0,0,0,0,0,0,0,0,0,0,0,0,0,0,0,0,0,0,0,0,0,0,0,0,0,0,0,0,0,0,0,0,0,0,0,0,0,0,0,0,0,0,0,0,0,0,0,0,0,0,0,0,0
0.062298064,0.037415256,0.009903438,0,0,0,0,0,0,0,0,0,0,0,0,0,0,0,0,0,0,0,0,0,0,0,0,0,0,0,0,0,0,0,0,0,0,0,0,0,0,0,0,0,0,0,0,0,0,0,0,0,0,0,0,0,0,0,0,0,0,0,0,0,0,0,0,0,0,0,0
0,-2.75451E-15,-5.93963E-15,0,0,0,0,0,0,0,0,0,0,0,0,0,0,0,0,0,0,0,0,0,0,0,0,0,0,0,0,0,0,0,0,0,0,0,0,0,0,0,0,0,0,0,0,0,0,0,0,0,0,0,0,0,0,0,0,0,0,0,0,0,0,0,0,0,0,0,0
0,0.004466975,0.011873968,0.008120559,0.001842064,0,0,0,0,0,0,0,0,0,0,0,0,0,0,0,0,0,0,0,0,0,0,0,0,0,0,0,0,0,0,0,0,0,0,0,0,0,0,0,0,0,0,0,0,0,0,0,0,0,0,0,0,0,0,0,0,0,0,0,0,0,0,0,0,0,0
-0.002069467,-0.002851002,-8.84405E-05,-3.02681E-17,0,0,0,0,0,0,0,0,0,0,0,0,0,0,0,0,0,0,0,0,0,0,0,0,0,0,0,0,0,0,0,0,0,0,0,0,0,0,0,0,0,0,0,0,0,0,0,0,0,0,0,0,0,0,0,0,0,0,0,0,0,0,0,0,0,0,0
