id,pred,out
5,0.204757422,1
11,0.155731887,0
13,0.176940307,0
19,0.23772347,0
22,0.316491216,0
34,0.345967203,1
40,0.066192567,0
51,0.314915031,0
55,0.328214258,0
57,0.304243535,0
59,0.278432161,1
68,0.397494346,0
69,0.360157132,0
70,0.179836437,0
71,0.336314619,0
77,0.252377123,0
82,0.386378646,1
115,0.57797718,0
116,0.402185231,0
119,0.221611947,0
127,0.253002435,0
130,0.362434566,1
145,0.181498066,0
168,0.180149451,0
176,0.41161257,0
185,0.305305302,1
195,0.139300331,1
201,0.254695415,0
202,0.3966932,0
205,0.14670305,0
227,0.330501556,0
229,0.450410455,0
249,0.452211678,0
253,0.323176086,0
254,0.377080023,1
255,0.334124118,0
262,0.324668705,0
269,0.295021206,0
276,0.196196824,0
280,0.252952069,0
281,0.339392215,0
287,0.13028641,0
289,0.398928344,1
290,0.490096092,0
293,0.371866375,1
303,0.290396541,0
311,0.386814088,0
317,0.323896796,1
324,0.273368597,0
331,0.341423631,0
376,0.236278534,0
384,0.591139376,0
392,0.330337852,0
405,0.127062738,0
412,0.213426471,0
414,0.476358056,1
417,0.27847898,0
424,0.446303099,1
433,0.406849593,1
435,0.252741158,0
437,0.361257404,0
442,0.082653783,0
447,0.350946814,0
454,0.350383431,0
456,0.264210701,0
459,0.296729267,0
470,0.339832723,1
474,0.321127921,0
480,0.382537395,1
481,0.517020047,0
490,0.292586446,1
500,0.315537274,1
502,0.364458233,1
505,0.234695882,0
527,0.196797997,0
534,0.498672694,1
549,0.592272341,1
554,0.154303253,0
560,0.237110227,0
562,0.305709064,1
567,0.282522023,1
568,0.073710188,0
575,0.374631584,0
602,0.309797049,0
609,0.317704648,0
616,0.538571894,1
629,0.403905094,0
635,0.418028206,1
639,0.468742788,0
651,0.174330235,0
657,0.269506574,0
723,0.329154402,0
730,0.338611871,1
740,0.237341672,0
749,0.64418155,0
756,0.467121542,1
759,0.250731885,0
766,0.419257551,0
771,0.20858492,0
778,0.58132267,0
782,0.29064545,1
788,0.102739893,0
792,0.118664525,0
807,0.312196553,1
828,0.270509094,0
832,0.339237809,0
845,0.179359481,0
855,0.189672545,0
861,0.513705313,0
862,0.235219434,0
864,0.209164411,0
903,0.310299724,0
906,0.365152597,0
913,0.430846721,0
921,0.26695171,0
926,0.173133492,0
942,0.390764624,0
943,0.412067741,0
948,0.188525707,0
952,0.503145695,1
971,0.396079093,0
973,0.497931242,0
975,0.22145839,0
980,0.22717914,0
997,0.527860463,1
998,0.182598338,0
1000,0.505628586,0
1007,0.118851617,1
1025,0.232103541,0
1027,0.291450292,0
1032,0.202489212,0
1035,0.276953459,0
1039,0.214032009,0
1050,0.37826246,1
1054,0.089356735,0
1065,0.134806767,0
1076,0.41446051,1
1079,0.325868845,0
1091,0.403930992,1
1092,0.350072682,1
1096,0.290846348,0
1098,0.252247036,0
1100,0.246077716,0
1108,0.390012294,0
1115,0.412146688,0
1116,0.437477112,0
1128,0.499021232,1
1129,0.549445093,0
1133,0.152212903,0
1151,0.666729033,1
1156,0.411240667,1
1167,0.216420561,1
1175,0.31764102,0
1191,0.189451605,0
1198,0.378117949,1
1203,0.396541357,0
1214,0.181321487,0
1226,0.532227159,1
1229,0.406860054,1
1237,0.107971676,1
1260,0.379158854,1
1271,0.274473786,0
1273,0.304443121,0
1281,0.340180397,0
1290,0.546905696,1
1296,0.355610669,0
1324,0.518644691,0
1332,0.549142003,0
1333,0.392150849,1
1334,0.194262266,0
1339,0.214448154,1
1351,0.265966088,0
1354,0.237890527,0
1356,0.318066567,0
1358,0.172478259,0
1362,0.0910969,0
1376,0.31598109,0
1393,0.38775301,1
1397,0.270313561,0
1401,0.53629595,1
1408,0.123539574,0
1412,0.239796355,0
1415,0.091371886,0
1421,0.30051285,1
1429,0.127497777,0
1439,0.458963245,0
1444,0.218248993,0
1457,0.308938622,0
1463,0.216272935,0
1464,0.262565851,0
1469,0.202165335,0
1472,0.116471663,0
1475,0.669137836,0
1485,0.455546975,0
1495,0.205185398,1
1496,0.322903842,0
1500,0.43964076,0
1504,0.163119242,0
1512,0.484521717,0
1532,0.407144248,1
1577,0.306380063,1
1599,0.353867471,0
1600,0.31807813,1
1605,0.383480102,0
1618,0.303180367,1
1633,0.168958381,0
1634,0.336402923,0
1645,0.2463305,0
1652,0.396190017,1
1668,0.456304252,0
1677,0.159199283,1
1682,0.490755647,1
1690,0.513476729,0
1691,0.294904858,0
1702,0.297134101,0
1705,0.25446099,0
1717,0.21042712,0
1725,0.135748267,0
1728,0.13937439,0
1759,0.551380157,1
1772,0.511828542,1
1776,0.521548271,0
1777,0.301725566,0
1788,0.495386422,0
1803,0.491801083,1
1812,0.393079668,0
1814,0.425149113,0
1825,0.306949079,0
1832,0.525381267,1
1844,0.413508654,1
1857,0.527614594,1
1868,0.271231443,1
1878,0.36029312,1
1895,0.265768766,0
1898,0.396357715,1
1915,0.378271312,0
1922,0.29536438,0
1923,0.159587026,0
1933,0.289120972,0
1963,0.429876924,1
1964,0.38184002,1
1967,0.055210464,0
1978,0.266686976,0
1983,0.460786939,0
2013,0.456740528,0
2020,0.510499895,0
2042,0.202578992,0
2047,0.297722161,0
2057,0.438825071,0
2059,0.278798997,0
2060,0.225129306,0
2064,0.394905657,1
2066,0.409544975,0
2067,0.317863882,0
2074,0.322430313,0
2085,0.252254367,0
2089,0.245399758,1
2102,0.260353267,1
2104,0.46705699,1
2105,0.308739483,1
2118,0.121536069,0
2138,0.343218654,0
2146,0.081972033,0
2149,0.104240991,0
2181,0.255308241,0
2193,0.218191504,0
2204,0.356402546,1
2226,0.091925174,0
2229,0.337376237,0
2232,0.366221249,0
2245,0.258360535,0
2248,0.24046649,0
2260,0.317895979,1
2269,0.332509696,1
2283,0.078574121,0
2290,0.174399897,0
2294,0.486642331,0
2295,0.617576241,1
2304,0.238911256,0
2316,0.402487606,0
2330,0.491552919,0
2343,0.185182229,0
2348,0.214037865,0
2361,0.447033763,0
2366,0.090212621,0
2382,0.122224562,0
2389,0.384802908,0
2396,0.11533948,0
2403,0.195016742,0
2408,0.385719687,0
2412,0.48489967,1
2431,0.240167528,0
2433,0.387509108,0
2444,0.462583303,0
2458,0.094858773,0
2464,0.205836132,0
2470,0.348275572,1
2482,0.557133377,1
2502,0.421489388,0
2511,0.27322349,0
2513,0.266447306,0
2522,0.435027182,1
2524,0.212954149,0
2532,0.279797494,0
2537,0.209999353,0
2550,0.212002158,0
2566,0.081862539,1
2567,0.521712124,1
2574,0.424421817,0
2581,0.35971275,0
2584,0.369743913,0
2590,0.359120488,0
2596,0.326275826,0
2617,0.252121031,0
2626,0.472463101,0
2628,0.077836491,0
2629,0.266653508,0
2631,0.269520223,1
2632,0.467757523,1
2636,0.287336141,1
2640,0.494414717,0
2641,0.474499166,0
2643,0.261648566,1
2648,0.394680709,0
2650,0.227328062,1
2651,0.264794767,0
2655,0.093538381,0
2659,0.08957459,0
2669,0.188002884,0
2670,0.094677456,0
2686,0.090938494,0
2687,0.219227687,0
2695,0.46438244,1
2702,0.511268735,1
2704,0.269994259,0
2706,0.466014624,1
2721,0.052984908,0
2733,0.321372658,0
2740,0.148669302,0
2750,0.164800018,0
2771,0.044882834,0
2774,0.081891514,0
2792,0.059398085,0
2811,0.166504055,0
2822,0.542508304,0
2823,0.339273304,0
2831,0.407438934,0
2832,0.094674289,0
2841,0.155627251,1
2847,0.556852221,0
2853,0.123797372,0
2872,0.142693311,0
2874,0.060513165,0
2877,0.199697554,1
2885,0.331717193,0
2887,0.264474958,0
2894,0.208341435,0
2899,0.317561805,0
2908,0.339348167,0
2931,0.291778088,1
2939,0.184268668,0
2941,0.047833268,0
2942,0.100999005,1
2955,0.329427987,0
3016,0.18852973,0
3019,0.305034012,0
3038,0.206323981,0
3047,0.18825309,1
3052,0.101375937,0
3062,0.077856213,0
3067,0.289918572,0
3075,0.301483184,0
3079,0.167359233,0
3085,0.35366264,1
3096,0.067514159,0
3098,0.382054061,0
3123,0.081068151,0
3130,0.112267382,0
3132,0.179324031,1
3134,0.292809278,0
3136,0.365925103,1
3141,0.280026704,1
3159,0.089344405,1
3176,0.042613074,0
3192,0.302989095,0
3200,0.569837332,1
3204,0.217508987,0
3226,0.101552807,0
3245,0.121063121,1
3254,0.433681697,0
3255,0.249527693,0
3260,0.320383251,1
3265,0.272530347,0
3269,0.146713287,0
3283,0.323604316,1
3297,0.113746256,0
3302,0.244994283,0
3306,0.355833441,0
3316,0.367226064,0
3328,0.053305775,0
3345,0.517833292,0
3362,0.246604323,0
3365,0.230371132,0
3378,0.4915604,0
3383,0.216277733,1
3385,0.48201859,0
3410,0.248971447,1
3421,0.461350441,0
3422,0.324282169,0
3436,0.353010178,1
3438,0.398369253,0
3440,0.258863658,0
3447,0.249041378,0
3448,0.422503859,0
3486,0.20992516,0
3494,0.116995782,0
3502,0.146924227,0
3504,0.105508439,0
3514,0.263499826,0
3516,0.353726119,0
3561,0.384857416,0
3571,0.143466577,0
3577,0.155605748,0
3581,0.399181485,1
3584,0.227309793,0
3588,0.152123913,0
3593,0.154575452,0
3600,0.158599526,0
3609,0.304032087,0
3653,0.24596481,0
3658,0.206333563,0
3662,0.319046319,0
3684,0.393407136,1
3687,0.310738593,0
3693,0.072232284,0
3700,0.240057126,1
3709,0.068604797,0
3715,0.177768275,0
3733,0.244311258,0
3737,0.31017974,0
3743,0.241080388,1
3749,0.305421919,0
3758,0.264746845,0
3774,0.3747105,0
3783,0.407741636,0
3786,0.217313215,0
3788,0.132356197,0
3802,0.367173731,0
3803,0.284079313,1
3823,0.351042062,0
3828,0.352290094,1
3852,0.306433856,0
3854,0.253596961,0
3865,0.279081643,0
3880,0.409526736,1
3884,0.151927471,0
3890,0.335255742,1
3918,0.45617795,1
3922,0.101064771,0
3940,0.167162016,0
3958,0.409375817,1
3967,0.15388675,0
3979,0.544775665,0
3984,0.272306114,0
3992,0.155518413,0
3994,0.247671157,1
3996,0.315328032,1
3998,0.227652237,0
3999,0.395783871,0
4013,0.246720344,0
4014,0.462551117,0
4016,0.23564072,0
4017,0.412258476,0
4023,0.541688383,1
4029,0.143577874,0
4061,0.302289039,0
4075,0.319722682,1
4086,0.290426642,0
4109,0.331221253,1
4120,0.302971125,0
4122,0.317722529,0
4131,0.39460662,0
4140,0.165346727,0
4143,0.54760015,1
4144,0.174320117,0
4145,0.228966027,0
4154,0.346580833,1
4166,0.267086625,0
4171,0.33966884,0
4174,0.260843635,0
4182,0.212822929,0
4196,0.500912189,0
4207,0.613894045,1
4210,0.170022532,0
4232,0.28638044,0
4236,0.403277844,1
4243,0.375565618,1
4275,0.150224924,0
4313,0.249767691,0
4318,0.373923868,1
4319,0.379952431,0
4330,0.215843976,0
4335,0.46524182,0
4370,0.218317226,0
4382,0.450912416,1
4390,0.126664788,0
4395,0.332296073,0
4401,0.204015017,1
4422,0.257387757,0
4426,0.160755157,0
4430,0.152589962,0
4440,0.061179791,0
4443,0.447120994,1
4452,0.34928149,0
4455,0.334358841,0
4465,0.212902397,0
4472,0.184454679,0
4473,0.208672658,0
4474,0.118746012,0
4478,0.392356873,0
4482,0.259004682,0
4484,0.133318037,0
4503,0.131684303,0
4506,0.388926506,1
4529,0.248541102,0
4530,0.396992236,0
4540,0.11774081,0
4541,0.260793984,0
4545,0.382988304,0
4582,0.357510388,0
4589,0.366304725,0
4591,0.390284598,1
4610,0.285565495,1
4613,0.271624267,0
4615,0.370699704,1
4616,0.150466606,0
4617,0.12738806,0
4640,0.143328041,0
4643,0.281411856,0
4648,0.241785541,0
4656,0.563371241,1
4665,0.313664198,1
4688,0.221724093,0
4705,0.537883699,1
4710,0.241787046,0
4713,0.31683445,0
4720,0.113091268,0
4723,0.316982567,1
4727,0.339621007,0
4738,0.287724406,0
4742,0.092426457,0
4750,0.192257136,0
4787,0.345890552,0
4793,0.261873305,0
4795,0.328100562,1
4809,0.168989345,0
4818,0.315293938,0
4825,0.414254129,1
4832,0.295779437,0
4835,0.243782148,0
4844,0.193801537,0
4850,0.396797657,1
4851,0.384855211,0
4855,0.257956028,0
4883,0.417438477,1
4896,0.336777508,0
4903,0.153647751,0
4910,0.329583734,0
4915,0.175824776,0
4917,0.277242482,1
4921,0.249129891,0
4940,0.186620981,0
4953,0.307925999,0
4954,0.230528817,0
4956,0.364771813,1
4957,0.2800861,0
4963,0.398563266,1
4964,0.437035859,1
4965,0.382084399,1
4966,0.089709558,0
4968,0.13172628,1
4991,0.079920962,0
5010,0.108539917,0
5023,0.218966737,0
5034,0.071641736,0
5053,0.124139406,0
5056,0.059187945,0
5070,0.079755634,0
5092,0.140750244,0
5102,0.302690178,1
5105,0.082699351,0
5113,0.075678118,0
5132,0.150797173,0
5133,0.065574571,0
5146,0.133904591,0
5149,0.153654322,0
5164,0.344990104,0
5166,0.177878633,0
5168,0.160013691,0
5180,0.269236177,0
5185,0.111799449,0
5194,0.359664887,1
5215,0.355340928,0
5237,0.068427011,0
5239,0.108219177,0
5246,0.212207273,0
5248,0.119403422,0
5254,0.260931253,0
5278,0.399060577,1
5279,0.167889193,0
5288,0.065134533,0
5294,0.232965916,0
5306,0.265342861,0
5317,0.376899332,0
5320,0.194991603,0
5326,0.289415002,0
5327,0.24245058,0
5336,0.396388412,0
5338,0.165166438,0
5361,0.086969614,0
5364,0.573452532,0
5373,0.276810497,1
5378,0.363066941,0
5379,0.10944508,0
5409,0.229958922,1
5436,0.355474323,1
5437,0.117514394,0
5443,0.225895807,1
5445,0.468566746,0
5453,0.550119281,1
5468,0.420343965,0
5471,0.275643617,0
5477,0.06635718,0
5499,0.311744779,1
5501,0.41334945,1
5507,0.358991593,1
5510,0.137034431,0
5515,0.282751083,1
5523,0.139454484,0
5532,0.262162268,0
5550,0.293328255,0
5557,0.306921214,0
5572,0.165964335,0
5573,0.266133904,0
5577,0.219221517,0
5584,0.168242991,0
5593,0.329126328,0
5606,0.137852639,0
5608,0.159687057,0
5611,0.175694868,0
5621,0.372206748,1
5625,0.217362761,1
5637,0.098253451,0
5647,0.245409071,1
5649,0.274680853,0
5651,0.151207983,0
5655,0.258394182,0
5658,0.406398743,0
5665,0.414034009,1
5682,0.155367509,0
5706,0.381402344,0
5707,0.30523172,0
5718,0.295957804,0
5720,0.354868382,1
5749,0.602078557,0
5752,0.460921645,1
5762,0.092667431,0
5764,0.333409607,1
5780,0.153599754,0
5803,0.359325916,0
5807,0.371966451,0
5808,0.325084925,0
5809,0.480490178,0
5838,0.259872466,0
5843,0.33530429,1
5853,0.289484084,0
5861,0.317074805,0
5869,0.358528197,0
5881,0.450127661,1
5885,0.25449726,0
5887,0.386884868,0
5913,0.223159015,0
5917,0.189656079,1
5918,0.364396602,1
5929,0.413335592,1
5937,0.203922734,0
5946,0.149594441,0
5960,0.306534827,0
5963,0.43065244,0
5975,0.543473303,0
5978,0.362569422,0
5983,0.264927566,0
6004,0.356184989,0
6031,0.275977105,1
6036,0.414390087,1
6042,0.323880702,1
6053,0.226565465,0
6075,0.197636843,0
6083,0.410298795,0
6085,0.330674142,1
6095,0.652446389,1
6104,0.314202756,1
6105,0.577693105,1
6111,0.170676112,1
6116,0.226066604,0
6130,0.370279431,0
6132,0.366349339,1
6136,0.2567572,0
6138,0.20781374,1
6160,0.63896656,0
6163,0.149232432,0
6165,0.252613693,0
6173,0.317076564,0
6175,0.227385357,0
6176,0.383777469,0
6182,0.168725774,0
6185,0.219037637,0
6186,0.139803693,0
6189,0.360093325,1
6198,0.432260096,1
6202,0.064967208,0
6216,0.17677246,0
6223,0.099604458,0
6225,0.424554318,1
6242,0.305478394,0
6250,0.35775888,0
6257,0.273352027,0
6259,0.360058784,1
6267,0.530224264,0
6271,0.340754598,0
6297,0.550610185,1
6302,0.237989649,0
6310,0.262758464,1
6321,0.413535178,0
6325,0.173185721,0
6327,0.513850629,0
6336,0.290048748,0
6340,0.236114502,1
6346,0.473129928,0
6358,0.317173779,0
6370,0.421854049,1
6380,0.045745227,0
6387,0.397579372,1
6391,0.503405809,0
6395,0.366796792,0
6405,0.143394992,1
6409,0.250972688,0
6413,0.571981668,1
6421,0.612394929,1
6423,0.29007268,0
6424,0.27150768,0
6442,0.530843854,0
6461,0.272548497,0
6462,0.255547851,0
6472,0.157843411,0
6485,0.270530492,0
6510,0.18316704,0
6516,0.331260949,1
6521,0.289720923,0
6529,0.233245522,0
6546,0.47047621,0
6558,0.213779926,0
6567,0.561824799,0
6586,0.308637857,0
6587,0.300269842,1
6590,0.09876544,0
6594,0.198079199,0
6596,0.397403717,1
6613,0.252317965,0
6618,0.459333032,1
6624,0.48613441,1
6642,0.399303555,1
6648,0.282895058,1
6655,0.213169441,0
6656,0.517020106,1
6664,0.296957761,1
6676,0.45046705,1
6686,0.593947172,0
6699,0.445182085,1
6710,0.288094968,1
6712,0.28362596,0
6722,0.265719712,0
6745,0.570243418,1
6752,0.534103632,0
6754,0.323680341,1
6762,0.340459198,1
6785,0.406430662,0
6791,0.222006142,1
6822,0.204241887,0
6830,0.256761968,1
6839,0.181562513,0
6853,0.41145879,0
6863,0.332921207,0
6880,0.680701733,1
6889,0.359885037,1
6896,0.342366815,0
6908,0.067838795,0
6909,0.071870305,0
6913,0.532746613,1
6915,0.359672099,0
6921,0.402943343,0
6922,0.577167809,1
6931,0.658189654,1
6934,0.134898692,1
6942,0.385535538,0
6944,0.308826357,0
6950,0.246229514,0
6966,0.374598712,0
6979,0.245506346,0
6984,0.107356638,0
6989,0.568945169,1
7004,0.416620702,0
7010,0.406542361,0
7030,0.256316304,0
7031,0.501283824,1
7034,0.078498617,1
7044,0.190318733,0
7072,0.26354301,0
7094,0.362604737,1
7097,0.146160007,1
7104,0.409833968,0
7106,0.130461261,0
7117,0.349529892,0
7122,0.245925516,0
7123,0.452301115,1
7131,0.218340531,0
7142,0.491213381,0
7143,0.212342769,1
7169,0.279936343,0
7186,0.518719494,0
7190,0.329789609,0
7196,0.385579705,0
7200,0.394513845,0
7201,0.399827719,1
7204,0.226833731,0
7225,0.300712168,0
7239,0.370670021,0
7242,0.273309112,1
7246,0.190415934,0
7254,0.09722089,0
7257,0.163486242,1
7272,0.067843601,0
7282,0.430968285,0
7283,0.592188537,1
7290,0.546209276,0
7301,0.404965669,0
7310,0.298439473,0
7314,0.221168026,0
7320,0.343899488,0
7325,0.485597312,0
7337,0.135126397,1
7345,0.447317332,0
7346,0.499501854,0
7347,0.113096766,0
7378,0.360416085,0
7384,0.573596537,1
7390,0.423776239,0
7397,0.175657675,0
7398,0.29330036,0
7400,0.49826014,1
7413,0.300761789,0
7415,0.475540042,0
7418,0.676946819,0
7422,0.220716462,0
7436,0.2322658,0
7439,0.154630974,0
7442,0.434093118,1
7443,0.57634896,1
7457,0.37686047,1
7465,0.192989588,0
7470,0.228448972,0
7472,0.434711426,0
7476,0.294888496,1
7478,0.373764604,1
7482,0.21320951,1
7484,0.634366512,0
7490,0.103604548,0
7512,0.167255953,0
7519,0.473548353,0
7520,0.474244952,0
7533,0.261997104,1
7538,0.324480146,0
7543,0.223121077,1
7555,0.214852363,0
7576,0.493185282,1
7591,0.159158692,0
7593,0.268661976,1
7604,0.246234998,0
7627,0.21041584,0
7632,0.132122979,0
7654,0.143474042,0
7659,0.470844656,1
7680,0.396233618,0
7692,0.400558949,1
7702,0.265882045,0
7707,0.114849858,0
7713,0.373084486,1
7718,0.100309201,0
7720,0.63260293,1
7727,0.415231168,0
7742,0.151953414,0
7749,0.575305164,1
7757,0.634953201,1
7775,0.384653151,1
7778,0.135101572,0
7779,0.358539701,0
7793,0.263704479,0
7794,0.472514153,0
7795,0.446001649,0
7827,0.52367264,0
7838,0.259013832,0
7839,0.118172087,0
7842,0.134255156,0
7857,0.344046056,0
7882,0.377005041,0
7888,0.332376122,1
7892,0.242344633,1
7893,0.383797377,0
7905,0.222490191,0
7906,0.526399136,1
7908,0.365720868,0
7914,0.448983669,1
7937,0.335877717,0
7951,0.264959544,1
7965,0.26058057,1
7968,0.353576243,0
7982,0.349110991,0
8000,0.538167596,0
8007,0.247930259,1
8025,0.516199172,1
8031,0.287526041,0
8035,0.359468162,0
8049,0.317202121,0
8059,0.143641829,0
8068,0.257116586,0
8074,0.233833253,0
8085,0.365987897,0
8100,0.453401804,0
8108,0.233332306,0
8114,0.496959329,0
8122,0.234065443,0
8124,0.358332008,0
8126,0.22276783,1
8140,0.317515492,0
8163,0.265865624,0
8175,0.505221009,1
8185,0.046089992,0
8186,0.143865243,0
8187,0.097627483,0
8202,0.27400741,1
8209,0.560367823,1
8217,0.305816561,0
8219,0.304589778,0
8231,0.212292925,0
8232,0.359006643,0
8240,0.418639809,1
8245,0.143830553,0
8301,0.599848032,1
8305,0.364648551,0
8307,0.216203824,0
8323,0.149734631,0
8327,0.234444708,1
8364,0.278331161,0
8366,0.499035209,0
8390,0.435816497,1
8395,0.486610025,1
8396,0.421391457,1
8398,0.512664199,1
8400,0.312759995,0
8402,0.434630394,0
8403,0.420365632,1
8405,0.351835459,0
8407,0.481735587,1
8425,0.138501033,0
8427,0.520623028,1
8430,0.106695361,0
8436,0.283709258,1
8437,0.236757502,1
8441,0.363530427,0
8451,0.322626472,1
8453,0.210602298,0
8456,0.156570747,0
8462,0.393837541,1
8471,0.47046271,1
8481,0.271746814,0
8496,0.410343438,0
8499,0.381361187,0
8512,0.128673524,0
8513,0.221121207,0
8521,0.493958294,0
8522,0.309880495,1
8527,0.079387687,0
8530,0.148137763,0
8531,0.141247347,1
8535,0.158996105,0
8542,0.314844936,1
8571,0.25486204,1
8588,0.164599463,0
8590,0.337977231,1
8597,0.504232764,0
8607,0.477815211,1
8620,0.410100609,0
8625,0.209113553,0
8662,0.515491188,0
8670,0.318112135,0
8672,0.538740396,1
8677,0.394861251,0
8680,0.081926905,1
8689,0.49259609,0
8690,0.469106257,1
8697,0.275204569,1
8718,0.173920065,0
8726,0.124632783,0
8733,0.430881143,0
8746,0.168256968,0
8754,0.194352776,0
8757,0.20696409,0
8773,0.126369238,1
8782,0.356811017,0
8784,0.246424258,1
8791,0.448688298,1
8841,0.124092124,1
8851,0.156000704,0
8857,0.167455778,0
8877,0.553734601,0
8884,0.493238568,0
8889,0.496821344,0
8901,0.148887321,0
8908,0.310323685,1
8910,0.056348704,0
8920,0.33514896,0
8922,0.412839502,1
8925,0.310505778,1
8956,0.35340178,1
8962,0.363821208,1
8966,0.29004243,0
8968,0.165923014,1
8969,0.269039184,1
8972,0.364188105,1
8981,0.338652581,0
8991,0.291781515,1
8994,0.512201846,0
9001,0.30515343,1
9004,0.10038498,0
9008,0.502974391,1
9028,0.171370059,0
9051,0.465599835,1
9060,0.610422254,0
9068,0.314653963,0
9072,0.374073446,0
9073,0.381556988,0
9076,0.472963959,0
9084,0.360761464,0
9093,0.234802797,0
9108,0.320562124,0
9110,0.236253768,0
9111,0.198045775,0
9114,0.403618187,1
9115,0.202831283,0
9130,0.19453609,0
9140,0.465843141,0
9141,0.25224191,0
9153,0.51912421,1
9157,0.559705019,0
9174,0.078517586,0
9184,0.314044356,0
9190,0.472483873,0
9193,0.610360801,0
9206,0.325259596,0
9210,0.40661177,0
9214,0.36983493,1
9229,0.276694924,1
9233,0.25158453,0
9246,0.15195097,0
9247,0.305244625,0
9255,0.102648109,0
9273,0.221153572,1
9275,0.057246618,0
9293,0.053401232,0
9304,0.27108255,0
9308,0.185466811,0
9310,0.114967912,0
9313,0.114407539,0
9331,0.374094009,0
9345,0.389772177,0
9355,0.30677864,0
9365,0.187849909,1
9380,0.157562554,0
9384,0.214590922,1
9393,0.32657513,0
9394,0.140885949,0
9397,0.566518426,0
9429,0.320219785,0
9432,0.170244679,0
9434,0.318506241,1
9441,0.424087614,1
9443,0.60352248,0
9444,0.373043001,0
9445,0.360450476,0
9446,0.475289792,0
9447,0.520134568,0
9462,0.444287121,0
9463,0.309104592,0
9479,0.131351471,0
9482,0.235640094,1
9488,0.546809554,1
9495,0.375409484,0
9525,0.429092407,1
9544,0.442782193,0
9545,0.414446563,1
9552,0.119289435,0
9553,0.104501508,0
9554,0.090239473,0
9556,0.138219073,0
9591,0.16987747,0
9604,0.072344683,0
9607,0.117099382,0
9610,0.42574811,0
9626,0.233189404,0
9632,0.218386322,0
9648,0.06521146,0
9659,0.21805194,0
9664,0.370219618,1
9675,0.299083322,0
9699,0.139511958,0
9707,0.148739919,0
9715,0.279383749,0
9726,0.480234206,1
9747,0.485265374,1
9751,0.113644771,0
9764,0.41403845,1
9767,0.097567596,0
9771,0.284496278,0
9785,0.353249371,0
9793,0.34853211,0
9794,0.282010943,0
9798,0.306086332,1
9807,0.264388561,0
9820,0.157201052,0
9824,0.187154844,0
9837,0.084090911,1
9840,0.231282681,0
9851,0.28092128,0
9852,0.149385318,0
9853,0.530284166,0
9855,0.463477582,0
9901,0.074995279,0
9909,0.316548735,1
9914,0.255852014,0
9917,0.271649688,0
9925,0.093313351,0
9937,0.48165369,1
9946,0.503856838,0
9947,0.350640059,0
9957,0.182590052,0
9963,0.09270037,0
9964,0.446671277,1
9969,0.203486994,0
9970,0.142170683,0
9980,0.350384563,0
9989,0.427830428,0
10009,0.45193404,0
10022,0.66414237,1
10023,0.120446607,0
10024,0.113384426,0
10030,0.26146996,1
10032,0.233735815,1
10045,0.360339552,1
10046,0.50153321,0
10058,0.175985396,0
10065,0.048562992,0
10075,0.244495496,0
10076,0.151803911,0
10092,0.580685854,0
10110,0.244224057,1
10121,0.255737811,0
10124,0.102310032,0
10133,0.469331086,0
10134,0.515464962,1
10145,0.13744992,0
10146,0.17524299,0
10170,0.065669321,0
10178,0.561516225,0
10184,0.212168723,0
10206,0.444282413,1
10207,0.143412337,1
10212,0.061150823,0
10216,0.333213776,1
10218,0.10664098,0
10221,0.400232881,1
10227,0.204767078,0
10235,0.258282334,0
10237,0.139502168,0
10246,0.066697165,0
10248,0.171588928,0
10253,0.411100686,0
10256,0.440450132,1
10275,0.408695042,1
10309,0.17698285,0
10317,0.285061389,0
10345,0.108192146,0
10354,0.547096372,0
10356,0.3923648,0
10362,0.373043031,0
10364,0.212314904,0
10365,0.349379122,1
10370,0.617192447,0
10379,0.347455412,0
10380,0.242102176,0
10387,0.437475622,1
10395,0.270108521,0
10396,0.293857932,0
10422,0.506127357,0
10438,0.323632509,0
10460,0.34240815,0
10464,0.286935836,1
10476,0.361690283,0
10479,0.484962523,1
10481,0.098114662,0
10482,0.308408588,1
10503,0.353655189,0
10505,0.399350256,0
10509,0.442827374,1
10513,0.274692535,0
10531,0.264771998,1
10539,0.411921859,1
10541,0.254154801,0
10546,0.267005652,0
10562,0.23461701,0
10577,0.243558511,0
10587,0.249547318,1
10588,0.707468271,0
10612,0.193421781,0
10614,0.119956292,0
10616,0.280310959,1
10620,0.323952287,1
10642,0.301282018,0
10645,0.627120614,1
10648,0.259966969,1
10651,0.157707229,0
10655,0.313796639,1
10663,0.446047962,0
10682,0.27779606,1
10687,0.293643266,1
10690,0.129795,0
10699,0.372377872,1
10705,0.28931722,0
10711,0.202083126,0
10728,0.268194318,1
10730,0.253707796,1
10737,0.231178552,0
10758,0.140058771,1
10791,0.434894055,1
10816,0.479413241,0
10839,0.448935568,1
10845,0.42718178,0
10855,0.140771374,0
10868,0.309505075,0
10881,0.558763206,0
10887,0.085560568,0
10900,0.09543407,0
10901,0.294356704,0
10910,0.304088026,0
10922,0.406910658,0
10933,0.351801485,1
10939,0.397398382,0
10945,0.449889153,1
10968,0.207931086,1
10982,0.496635169,0
10997,0.316000104,1
10999,0.258013517,1
11009,0.335564226,0
11010,0.306732148,0
11012,0.060658161,0
11016,0.214728817,0
11021,0.464109778,1
11024,0.499688298,0
11031,0.369010359,0
11035,0.575150788,0
11045,0.196353555,1
11054,0.076685168,0
11065,0.282744378,1
11072,0.389550537,1
11086,0.417634577,0
11095,0.124280713,0
11098,0.236204714,1
11106,0.357968122,0
11109,0.478618354,0
11110,0.221630737,1
11140,0.199282885,0
11143,0.216185808,0
11144,0.304959923,1
11148,0.073558547,0
11184,0.540193856,1
11205,0.439598531,1
11226,0.541445136,0
11230,0.326675087,1
11241,0.08721485,0
11251,0.068076052,0
11254,0.215194046,0
11268,0.253189594,0
11275,0.294650972,1
11280,0.256977946,0
11284,0.40623948,1
11309,0.287363946,1
11330,0.251211554,0
11336,0.091895089,1
11340,0.460688561,1
11344,0.280780345,1
11347,0.174483865,0
11350,0.100635491,0
11365,0.521060824,0
11379,0.254472256,1
11396,0.48552829,1
11434,0.047726803,0
11468,0.41584152,1
11478,0.133072764,0
11481,0.066791505,0
11494,0.55578357,0
11499,0.249508604,0
11500,0.530947089,1
11511,0.22677131,0
11515,0.260375917,0
11520,0.089853629,0
11538,0.288299829,1
11548,0.180170685,1
11580,0.524752021,1
11588,0.146576658,0
11602,0.327019095,0
11605,0.401593626,0
11612,0.127227604,0
11622,0.443161815,0
11629,0.424865305,1
11632,0.48437199,1
11635,0.133863419,1
11646,0.42040208,0
11648,0.273994863,0
11655,0.324340045,0
11657,0.452918261,1
11659,0.410060555,1
11666,0.145726427,0
11672,0.435308218,1
11674,0.672337115,1
11680,0.293666005,0
11703,0.340268284,0
11704,0.393456012,0
11710,0.616400123,1
11724,0.413285613,0
11727,0.512731314,0
11733,0.111349165,0
11734,0.164555416,0
11736,0.650351524,1
11743,0.430627316,1
11745,0.053483054,0
11749,0.439788669,0
11762,0.254009187,0
11768,0.415655792,0
11775,0.274130523,0
11776,0.121278852,0
11777,0.470415384,0
11787,0.419527054,0
11790,0.125618234,0
11832,0.272862315,0
11841,0.376659632,0
11856,0.264552146,1
11866,0.424361795,0
11878,0.515090883,1
11881,0.493109137,0
11883,0.37048468,0
11887,0.502369225,0
11896,0.213673756,1
11903,0.491485924,1
11909,0.272155643,0
11929,0.226556942,0
11939,0.490800142,0
11943,0.505702198,0
11953,0.155596077,1
11954,0.247688353,0
11958,0.143400848,0
11968,0.555555761,0
11969,0.234186158,0
11973,0.452873588,0
11974,0.251597494,0
11980,0.345252305,0
11984,0.300569445,0
12026,0.255824208,0
12037,0.576417565,1
12042,0.194908023,0
12057,0.320937335,1
12062,0.353897989,0
12088,0.376954645,1
12116,0.230769292,0
12120,0.164855182,0
12122,0.313225627,0
12125,0.386666059,0
12138,0.428376168,1
12151,0.329992056,1
12155,0.234356105,1
12157,0.112392217,0
12183,0.134518176,0
12187,0.613732517,1
12196,0.373722941,0
12219,0.150576875,0
12229,0.351510614,0
12234,0.359551162,0
12253,0.188040689,0
12261,0.050250102,0
12262,0.272001356,1
12270,0.101221569,0
12275,0.291365623,1
12305,0.289085627,0
12306,0.261939794,1
12320,0.498781562,1
12323,0.30704999,0
12324,0.66111666,0
12334,0.250412792,1
12335,0.141425774,0
12342,0.276156902,0
12388,0.313878983,0
12396,0.276275814,0
12398,0.047824301,0
12408,0.449477971,0
12412,0.06187157,0
12426,0.169641271,0
12446,0.530343056,0
12465,0.30235216,1
12482,0.092606187,0
12487,0.373364627,1
12499,0.042608339,0
12507,0.419324726,0
12508,0.22006245,0
12537,0.314291507,1
12541,0.321687669,0
12551,0.074675277,1
12566,0.370503098,1
12586,0.347900599,0
12588,0.456697971,0
12595,0.128952712,0
12622,0.232376918,0
12624,0.462106794,1
12634,0.473121136,1
12655,0.220075607,0
12672,0.101330593,0
12682,0.154661968,0
12686,0.225003272,0
12688,0.636858344,1
12690,0.168579981,0
12693,0.199860409,0
12705,0.484311372,0
12712,0.337323993,0
12714,0.107832938,0
12719,0.286714196,0
12721,0.173060983,0
12727,0.442821175,1
12747,0.485772341,1
12749,0.20471862,0
12751,0.235242024,0
12765,0.230426177,0
12768,0.22891219,0
12779,0.37676847,0
12782,0.405842364,1
12799,0.440147072,0
12809,0.166046217,0
12810,0.113287605,0
12843,0.150831521,0
12848,0.138153568,0
12849,0.514555335,0
12857,0.334750861,0
12880,0.255280197,0
12917,0.627906144,1
12921,0.212503567,0
12923,0.149715751,0
12937,0.27357167,0
12951,0.559563935,0
12953,0.455159992,1
12968,0.066365555,0
12974,0.291032135,1
12977,0.436622053,0
12979,0.418513566,1
12984,0.417031348,0
12986,0.450932354,1
12996,0.472979754,1
13011,0.468371153,1
13013,0.430143476,1
13014,0.468572229,1
13015,0.456388652,1
13029,0.363298088,1
13037,0.348577499,0
13038,0.150224224,0
13047,0.06950447,0
13075,0.335046858,1
13093,0.146897763,0
13101,0.069099449,0
13102,0.400071114,0
13111,0.42688632,1
13126,0.458344847,1
13147,0.18858619,0
13148,0.204786524,0
13151,0.187146798,0
13156,0.289787114,0
13158,0.398657024,1
13159,0.090088308,0
13162,0.205229685,0
13163,0.32185778,0
13167,0.406674594,0
13173,0.391494393,1
13174,0.431137204,1
13190,0.535153925,0
13193,0.261186451,0
13225,0.232749492,0
13230,0.723113239,0
13233,0.69569242,1
13245,0.256814361,0
13247,0.163325161,0
13256,0.513235152,1
13258,0.270588547,1
13269,0.267739207,0
13271,0.614381135,0
13280,0.157199562,0
13287,0.43822971,0
13288,0.273155361,1
13293,0.306586772,1
13295,0.126431346,0
13296,0.408768892,0
13316,0.112650186,0
13336,0.392756343,0
13337,0.16575861,0
13341,0.375257075,1
13346,0.433155715,0
13353,0.114393786,0
13354,0.359082311,0
13365,0.250079632,0
13376,0.431855977,0
13386,0.17238012,0
13390,0.266039908,1
13394,0.089046463,0
13404,0.532855868,0
13410,0.280722886,0
13414,0.073386185,0
13416,0.240895122,0
13427,0.318443328,1
13443,0.378879398,0
13447,0.169494927,0
13460,0.541955888,0
13464,0.254173815,0
13466,0.369976699,1
13470,0.482312799,1
13478,0.294689506,0
13510,0.290302157,1
13523,0.219562352,0
13525,0.156739235,1
13534,0.213029489,0
13535,0.329178572,0
13542,0.320788205,0
13544,0.350706458,0
13547,0.169957832,0
13553,0.200654685,1
13569,0.186829999,0
13570,0.256593913,0
13579,0.404836059,0
13581,0.434566796,1
13582,0.13894701,0
13587,0.416749775,1
13588,0.251237839,1
13621,0.364781529,0
13622,0.177297145,0
13643,0.266171843,0
13644,0.115287803,0
13648,0.355350763,0
13659,0.394950122,0
13677,0.315739602,0
13698,0.183419749,1
13707,0.4141891,0
13709,0.377361059,0
13718,0.182827249,0
13723,0.376759112,0
13749,0.378683716,0
13788,0.298703343,1
13809,0.411175042,0
13821,0.402513981,0
13841,0.33125037,0
13852,0.527175367,0
13860,0.145773038,0
13862,0.220041692,0
13881,0.487511814,0
13891,0.108575612,1
13892,0.074651934,0
13893,0.189850837,0
13934,0.449219406,0
13951,0.080949374,0
13962,0.512786686,1
13964,0.312783599,0
13965,0.253844559,0
13970,0.120989963,0
13997,0.394223839,0
14000,0.312050641,0
14002,0.103823736,0
14010,0.103620842,0
14014,0.072778724,0
14015,0.277478278,0
14016,0.49911359,1
14017,0.274163961,0
14028,0.382000327,0
14031,0.21384497,0
14037,0.159008011,0
14043,0.285456717,0
14053,0.349278688,0
14054,0.32760492,1
14065,0.217790052,0
14078,0.243387833,0
14085,0.451026231,0
14101,0.224198759,0
14113,0.426618934,0
14116,0.226587981,0
14122,0.412646532,0
14131,0.430893451,1
14144,0.177272305,0
14155,0.272850573,0
14157,0.36943239,0
14170,0.099689305,0
14208,0.339158177,0
14215,0.345849693,0
14222,0.307345867,0
14242,0.239906251,0
14255,0.145207599,1
14257,0.328779012,0
14270,0.463155329,0
14271,0.575260878,1
14275,0.210304558,0
14291,0.415450215,0
14294,0.144297406,1
14301,0.606470764,0
14321,0.105592437,0
14339,0.07564842,0
14340,0.185724005,0
14349,0.334027559,0
14363,0.260904372,0
14364,0.460597992,0
14372,0.447210312,0
14377,0.247315168,0
14392,0.380752712,1
14410,0.46104911,0
14417,0.30501315,0
14422,0.44857201,0
14424,0.26929453,0
14425,0.531519711,0
14434,0.624586344,0
14440,0.205776602,0
14443,0.43591848,0
14453,0.380419999,1
14462,0.382238716,0
14466,0.142177314,1
14469,0.108704582,0
14472,0.420398235,1
14477,0.115349643,0
14478,0.268070251,0
14488,0.28087011,1
14489,0.115063891,0
14498,0.193461522,0
14500,0.650787711,0
14503,0.680829585,1
14507,0.21977137,0
14511,0.176607326,0
14522,0.255414397,0
14525,0.487110615,0
14526,0.263873845,1
14532,0.568892658,1
14541,0.183556616,0
14547,0.463168412,0
14555,0.201526538,0
14559,0.388441026,0
14562,0.438846081,0
14563,0.186210424,0
14565,0.30969432,0
14572,0.073728502,1
14602,0.206757784,1
14605,0.177269012,0
14610,0.529327035,0
14613,0.518317342,0
14624,0.323478401,0
14626,0.386533529,1
14628,0.716680169,1
14630,0.24083969,0
14647,0.121576823,0
14650,0.090645932,0
14654,0.481326312,1
14669,0.260087579,0
14671,0.511639059,1
14674,0.18055889,0
14679,0.302322716,0
14683,0.228853434,1
14686,0.619999647,1
14696,0.401849478,0
14698,0.529778898,0
14714,0.099339098,0
14715,0.519512236,0
14727,0.397057146,0
14729,0.29038462,0
14749,0.408357739,0
14757,0.225817859,0
14760,0.22502403,0
14794,0.149644658,0
14800,0.066494621,0
14801,0.471268833,0
14816,0.345817596,1
14823,0.07288833,0
14834,0.547601044,1
14835,0.403473049,0
14845,0.722450256,1
14856,0.203808188,0
14866,0.226836458,0
14873,0.063373037,0
14879,0.228203923,0
14887,0.083690442,0
14898,0.235385343,0
14901,0.361176163,1
14908,0.263660491,1
14910,0.261674583,1
14920,0.294005394,0
14942,0.455989629,1
14947,0.268653303,0
14959,0.214218631,0
14965,0.500827849,0
14994,0.560991168,0
15004,0.528134108,1
15032,0.453024536,0
15033,0.497400761,1
15035,0.103060544,0
15036,0.616782486,1
15039,0.326401889,0
15066,0.259640276,0
15072,0.240602493,0
15074,0.142212793,0
15082,0.145178348,0
15089,0.177587852,0
15090,0.409867942,0
15091,0.632604599,0
15099,0.400121987,0
15101,0.249259233,0
15105,0.114317849,0
15115,0.224999264,0
15119,0.25812155,1
15120,0.391690195,1
15123,0.114199735,0
15124,0.290166825,1
15126,0.433602065,1
15148,0.20995611,0
15154,0.4475196,0
15156,0.075819947,0
15159,0.490760714,0
15171,0.598998725,1
15178,0.432428896,0
15194,0.112783164,0
15199,0.22926417,0
15206,0.325020701,1
15212,0.085956261,0
15214,0.406324893,0
15215,0.392427027,1
15229,0.51637429,0
15232,0.299958527,0
15245,0.355017811,0
15252,0.236791149,1
15255,0.372482359,0
15256,0.147105694,0
15260,0.097381093,0
15262,0.308315188,1
15282,0.656680048,1
15306,0.197877273,0
15308,0.20337221,1
15315,0.315977126,0
15323,0.432493597,0
15328,0.144387737,0
15329,0.405801803,0
15334,0.271266967,1
15335,0.362993658,0
15363,0.639938354,1
15365,0.245985225,0
15372,0.711514533,0
15385,0.465450883,1
15390,0.575392663,0
15407,0.115624763,0
15417,0.15189293,0
15419,0.24953796,0
15427,0.222202048,0
15467,0.443672776,0
15469,0.410488874,1
15474,0.08432392,0
15477,0.391837806,1
15489,0.556975663,1
15507,0.225826323,0
15527,0.396583766,1
15535,0.544736862,0
15538,0.118772216,0
15539,0.149214521,0
15543,0.401732326,0
15544,0.27139625,0
15548,0.095563702,0
15552,0.311214864,0
15553,0.057889488,1
15556,0.375474781,0
15572,0.368185282,1
15575,0.2905761,0
15587,0.317933291,0
15602,0.141149461,0
15603,0.337128341,0
15604,0.279038936,0
15621,0.444337845,0
15627,0.285821289,1
15663,0.700001717,0
15665,0.294538915,0
15668,0.254266113,0
15680,0.361788541,0
15688,0.297191769,0
15689,0.485893309,0
15690,0.333670259,0
15713,0.253081471,0
15734,0.267332584,1
15735,0.620706916,1
15759,0.539526999,1
15772,0.366004825,0
15773,0.21425575,0
15782,0.367715806,1
15787,0.072958738,0
15794,0.163166508,1
15795,0.57881093,1
15824,0.376248151,0
15842,0.223673493,0
15847,0.421196312,0
15851,0.463135421,1
15852,0.351079553,1
15853,0.46466735,0
15856,0.374157369,0
15857,0.299406886,0
15880,0.363002539,0
15883,0.698828816,1
15887,0.081220232,0
15895,0.393095374,0
15896,0.353904486,0
15915,0.265740335,0
15923,0.423421234,1
15929,0.38734591,1
15934,0.443972677,0
15941,0.261843741,0
15942,0.306184649,0
15975,0.324563265,1
15986,0.128191322,0
16005,0.4450939,0
16009,0.076807037,0
16032,0.115413658,0
16035,0.262752444,0
16039,0.103798203,0
16046,0.269666523,0
16058,0.138963386,0
16064,0.511109233,1
16066,0.235072568,0
16075,0.379079521,0
16090,0.487758249,0
16096,0.697802007,1
16126,0.244704545,0
16134,0.454968929,0
16139,0.487767905,0
16159,0.077753961,0
16174,0.549920201,1
16186,0.090157747,0
16187,0.335088044,0
16195,0.468274891,1
16199,0.411499232,1
16204,0.396867514,0
16223,0.255905718,0
16233,0.401873499,0
16242,0.36261481,0
16268,0.33270368,0
16279,0.415333807,0
16282,0.478378385,1
16284,0.493007064,1
16297,0.173135057,0
16299,0.176213607,0
16314,0.389786005,1
16316,0.305436045,0
16319,0.253501177,0
16325,0.358554155,0
16334,0.402555525,0
16335,0.304106355,1
16340,0.446618468,0
16353,0.320438236,0
16354,0.16040127,0
16375,0.276684284,0
16382,0.556697845,0
16409,0.076266408,1
16430,0.57454282,1
16441,0.446657389,1
16443,0.348584682,1
16447,0.405583382,1
16449,0.147896826,0
16451,0.353729308,0
16455,0.250024468,0
16457,0.401540101,0
16464,0.608126223,1
16475,0.49508363,1
16492,0.431304634,1
16496,0.060478836,0
16508,0.620634794,0
16511,0.215533614,0
16513,0.107679956,0
16516,0.588922203,1
16522,0.595562696,1
16535,0.720022619,0
16540,0.234040707,0
16542,0.499165982,0
16565,0.414101124,0
16590,0.295569777,0
16593,0.243735686,1
16618,0.071796402,0
16633,0.206691101,0
16639,0.334012717,1
16664,0.649817109,0
16666,0.308210045,1
16681,0.126676276,0
16697,0.183208466,0
16699,0.05914766,0
16713,0.080016829,0
16727,0.500199258,0
16729,0.130859569,0
16765,0.407741517,1
16774,0.242318526,0
16777,0.174412176,0
16778,0.370699644,1
16780,0.295847595,0
16782,0.530601025,1
16799,0.194599122,0
16816,0.387615323,0
16819,0.184413552,0
16822,0.096829072,0
16829,0.135729238,0
16835,0.100463316,0
16836,0.098136283,0
16837,0.532562196,0
16848,0.212270528,0
16849,0.140873298,0
16881,0.475975752,1
16901,0.315135479,0
16905,0.243463978,0
16909,0.4114573,1
16923,0.288354129,0
16936,0.268462181,1
16952,0.555770695,0
16979,0.270391732,0
16983,0.2512784,1
16986,0.310601145,0
17014,0.293114424,0
17015,0.076326847,0
17017,0.547550261,1
17021,0.594100535,1
17038,0.201378703,0
17040,0.112097554,0
17047,0.203535378,0
17055,0.135144696,0
17084,0.361094922,0
17088,0.3378492,0
17102,0.075259723,0
17120,0.594615757,1
17133,0.457910359,0
17145,0.685978353,0
17149,0.364045858,0
17155,0.190379411,0
17157,0.520304501,0
17159,0.500904918,1
17168,0.518655121,0
17179,0.448810667,0
17182,0.196006596,0
17195,0.094985954,0
17210,0.170344383,1
17212,0.329725981,0
17233,0.367608994,0
17240,0.14133954,1
17247,0.115596466,0
17257,0.135426804,0
17276,0.634750664,1
17279,0.260946631,0
17286,0.469898432,1
17290,0.560784638,1
17297,0.199386761,0
17299,0.102452189,0
17301,0.387082964,1
17309,0.324190378,0
17348,0.250424951,0
17402,0.507423282,1
17403,0.233234882,0
17404,0.524695575,0
17406,0.188383251,1
17423,0.076758616,0
17428,0.508297086,1
17441,0.103092924,0
17474,0.239666209,0
17487,0.543061495,0
17488,0.240589499,0
17495,0.375344962,0
17500,0.455700725,0
17510,0.181416988,1
17514,0.276619166,0
17521,0.158685133,1
17529,0.344939977,1
17533,0.405366927,0
17556,0.232351556,0
17562,0.16570121,0
17573,0.393867165,0
17574,0.365423948,1
17580,0.349023104,1
17582,0.411430627,1
17584,0.187942371,1
17598,0.296024084,0
17599,0.586330593,0
17605,0.265252441,0
17611,0.5496611,0
17625,0.154366195,1
17640,0.3163656,1
17671,0.556821823,0
17672,0.238282353,0
17683,0.188669905,0
17694,0.186400488,0
17696,0.279516995,0
17702,0.164202049,0
17708,0.415442646,1
17710,0.393757552,1
17716,0.197021112,0
17720,0.154144406,0
17727,0.251782626,1
17735,0.138094008,1
17761,0.653442562,1
17766,0.548779428,1
17787,0.453239053,0
17795,0.470474541,1
17801,0.167175487,0
17803,0.253137559,0
17810,0.389905751,0
17827,0.344340831,1
17833,0.355785549,0
17835,0.202572539,1
17838,0.074256979,0
17843,0.094804808,0
17845,0.306287527,0
17852,0.112414338,0
17897,0.425844282,1
17899,0.278963596,0
17903,0.126675442,0
17904,0.243539274,0
17907,0.659837127,1
17915,0.412338346,1
17934,0.500985742,0
17937,0.38662985,0
17938,0.318872362,1
17960,0.601093829,1
17965,0.493893892,1
17978,0.645807147,0
17985,0.163346723,0
17986,0.682443619,1
17996,0.073006451,0
18018,0.431254894,0
18033,0.289992094,1
18044,0.057755314,0
18063,0.480384022,0
18075,0.422961652,1
18076,0.104905628,0
18083,0.130305871,0
18109,0.440259069,1
18110,0.425100476,0
18120,0.158348605,1
18128,0.403601021,1
18145,0.044943728,0
18146,0.293071538,0
18151,0.38388291,0
18153,0.074324965,0
18166,0.358379364,1
18172,0.308743,1
18178,0.148388907,0
18180,0.331002653,0
18196,0.391664386,1
18218,0.508216321,0
18219,0.49593392,0
18256,0.353839219,0
18259,0.470985293,0
18290,0.428111702,0
18313,0.135384753,0
18319,0.283403486,0
18320,0.118937209,1
18321,0.120885119,0
18335,0.480568409,0
18338,0.16700983,0
18343,0.578095675,0
18366,0.282955319,0
18370,0.216681629,0
18389,0.144283727,1
18398,0.255353302,1
18404,0.222068533,0
18412,0.195981741,0
18423,0.576261401,0
18424,0.103546657,0
18437,0.329296619,0
18444,0.315815061,0
18452,0.193157807,0
18464,0.206388429,0
18486,0.087047987,0
18499,0.08297836,0
18503,0.21618934,0
18521,0.208527759,0
18538,0.169203267,1
18552,0.596821189,0
18581,0.230401322,1
18582,0.079230219,0
18593,0.110890642,0
18594,0.585925519,1
18602,0.35198313,1
18604,0.229447156,0
18614,0.326511204,1
18615,0.346292406,0
18652,0.370551348,0
18671,0.35939309,0
18672,0.084434547,0
18682,0.417147487,1
18686,0.609710932,0
18694,0.343997627,1
18696,0.111961417,0
18703,0.176023796,0
18729,0.258801818,1
18742,0.110603556,0
18746,0.262982279,1
18747,0.359556109,0
18777,0.265276045,0
18783,0.758867323,1
18788,0.226148367,0
18789,0.346782386,1
18797,0.124083437,0
18813,0.276528895,0
18829,0.426046312,0
18835,0.088618897,0
18842,0.661234319,1
18857,0.368426919,0
18862,0.397132218,0
18866,0.31876716,0
18874,0.254745245,0
18875,0.209910884,0
18920,0.191441581,0
18929,0.259544343,0
18930,0.294249803,0
18937,0.218798369,0
18962,0.137540266,0
18964,0.082225785,0
19003,0.311300844,0
19019,0.203366145,0
19021,0.055880707,0
19032,0.323552966,0
19034,0.421547085,1
19036,0.161636084,1
19039,0.094268352,0
19042,0.322602004,1
19045,0.710711539,1
19087,0.716895878,1
19092,0.349544257,0
19095,0.306269407,1
19110,0.290881425,0
19122,0.539616704,1
19123,0.452789247,1
19125,0.275181532,0
19135,0.306035042,0
19142,0.226555988,0
19181,0.594089031,0
19207,0.179658487,1
19211,0.648755968,1
19213,0.303628594,1
19214,0.125295237,0
19217,0.466750979,1
19232,0.327957779,1
19239,0.405560166,1
19241,0.395461142,1
19248,0.311375111,0
19258,0.11964453,0
19259,0.050401766,1
19277,0.458223522,0
19292,0.089418232,0
19311,0.413501114,0
19334,0.385418653,0
19350,0.193366811,1
19353,0.192620412,0
19356,0.353996009,1
19362,0.126488462,0
19367,0.217444614,0
19369,0.449798346,1
19376,0.409962714,1
19403,0.387509972,1
19410,0.084913157,0
19412,0.530202389,1
19421,0.493796259,1
19422,0.495954841,1
19423,0.543204367,1
19424,0.416960418,1
19444,0.093560182,0
19447,0.1766527,1
19467,0.283345491,1
19471,0.08485689,0
19473,0.299442232,0
19481,0.319124311,0
19482,0.262738109,1
19484,0.151239097,1
19503,0.145166904,0
19507,0.502108335,0
19521,0.315564394,0
19530,0.597105742,0
19542,0.233928114,0
19564,0.690585196,1
19573,0.200985745,0
19583,0.397263199,0
19611,0.324474812,0
19618,0.443363667,1
19623,0.592134118,1
19628,0.431810319,1
19629,0.363539994,1
19630,0.205792069,0
19633,0.62511313,1
19637,0.181197315,0
19638,0.332447946,1
19639,0.404521346,0
19649,0.493959576,1
19650,0.292608768,0
19651,0.359218478,1
19652,0.195639834,0
19657,0.160426542,0
19664,0.358836412,0
19665,0.097010419,1
19666,0.120978475,0
19669,0.345124811,0
19678,0.28181091,0
19700,0.290701538,1
19702,0.080843598,0
19709,0.182430923,1
19713,0.204866439,0
19721,0.149259239,0
19728,0.246219099,1
19737,0.398869544,1
19741,0.567256868,1
19743,0.347571343,0
19744,0.247061402,0
19754,0.453911066,0
19757,0.265352547,0
19771,0.177222103,0
19786,0.477332115,1
19794,0.124700211,0
19807,0.230373487,0
19822,0.388306648,0
19827,0.250536442,0
19832,0.322843939,1
19834,0.178201854,0
19849,0.220027521,0
19861,0.419376969,0
19873,0.594646692,0
19874,0.35103932,1
19885,0.189047948,1
19910,0.217097566,0
19923,0.404151678,0
19928,0.610644162,0
19967,0.270913512,1
19968,0.334018111,1
19969,0.532688797,1
19972,0.280510068,1
19978,0.180163383,0
19994,0.186087608,0
19997,0.44252637,1
19999,0.101017646,0
20023,0.523534715,0
20029,0.317982048,0
20031,0.483792633,0
20035,0.164075553,0
20037,0.227283388,0
20063,0.186187059,0
20074,0.466237843,1
20087,0.116376422,0
20095,0.349872172,0
20107,0.259027243,0
20120,0.111066163,1
20124,0.241340846,0
20133,0.565190911,1
20144,0.1383515,0
20149,0.211348593,0
20150,0.158381,0
20152,0.407402009,1
20153,0.272985995,0
20154,0.270702869,0
20176,0.114956558,0
20178,0.167363718,0
20215,0.209052622,0
20220,0.150117949,0
20230,0.147611767,0
20236,0.236746728,0
20238,0.075747937,1
20243,0.325794905,0
20255,0.307762951,0
20265,0.531338394,1
20276,0.375977546,1
20281,0.325425416,0
20283,0.494579136,0
20293,0.136654019,0
20295,0.180255115,0
20319,0.291317731,1
20323,0.131035164,0
20324,0.465373665,0
20326,0.140061706,0
20327,0.079842687,0
20331,0.219444305,0
20335,0.401973337,0
20340,0.236093611,0
20342,0.450729698,0
20353,0.29575178,1
20362,0.308744997,0
20365,0.121064842,1
20373,0.308661789,1
20376,0.094299115,0
20386,0.500606537,0
20421,0.620549798,1
20424,0.162746832,0
20440,0.297114104,0
20449,0.481190711,1
20451,0.112185031,0
20458,0.41356048,0
20460,0.451261669,0
20479,0.07091824,0
20480,0.116720825,0
20501,0.334444612,1
20504,0.17792514,0
20508,0.291378796,0
20514,0.321032435,0
20518,0.367858231,0
20523,0.390294731,1
20534,0.515200317,1
20541,0.658796012,1
20544,0.066710643,0
20545,0.292385995,0
20552,0.272056311,1
20559,0.248663038,0
20560,0.173078448,0
20566,0.333099782,0
20567,0.247601211,0
20585,0.439614832,0
20589,0.10333506,0
20605,0.097050145,0
20607,0.238631681,0
20611,0.439193964,0
20614,0.286033958,1
20616,0.309228659,0
20625,0.068533979,0
20641,0.219078526,0
20644,0.381005675,0
20650,0.363062233,0
20654,0.329672784,0
20676,0.311934382,0
20681,0.508454084,1
20682,0.477516174,0
20697,0.25841108,0
20711,0.417801112,0
20723,0.068744324,1
20724,0.371711582,1
20739,0.501283407,0
20755,0.373717219,0
20766,0.208072543,1
20775,0.19962509,1
20786,0.365211546,0
20790,0.207679152,0
20794,0.101427376,0
20795,0.225467443,0
20802,0.499639779,0
20809,0.402523339,0
20810,0.190913901,0
20832,0.183932304,0
20842,0.102973193,0
20845,0.405430466,1
20849,0.200098082,0
20861,0.353144109,0
20868,0.404833376,1
20869,0.19115454,0
20875,0.083769314,0
20893,0.615580916,1
20915,0.297306687,0
20919,0.522490799,0
20934,0.2929627,1
20943,0.311933815,0
20948,0.29658556,0
20949,0.447252631,1
20961,0.451054275,1
20965,0.264653385,0
20967,0.467084616,1
20977,0.081071153,0
20986,0.209533706,0
20987,0.382573605,1
20996,0.48406589,1
21000,0.347612321,0
21001,0.235857874,0
21002,0.449549019,0
21005,0.473955154,1
21013,0.381228805,1
21015,0.498912513,1
21032,0.186870366,0
21045,0.204706728,0
21049,0.325363427,0
21058,0.457473993,0
21066,0.337668836,0
21091,0.132829159,0
21092,0.511301398,1
21094,0.348023146,1
21114,0.226625741,0
21131,0.262227386,0
21133,0.433282703,0
21141,0.477642298,1
21146,0.240435943,0
21147,0.45053944,1
21156,0.379197091,0
21157,0.45936805,0
21161,0.388101876,0
21171,0.41049403,0
21182,0.24110122,1
21203,0.328822643,0
21212,0.221310779,0
21219,0.4476358,1
21220,0.4022412,1
21224,0.31742698,1
21232,0.24937512,0
21241,0.29699111,1
21245,0.366728663,1
21250,0.246478468,0
21251,0.311971188,0
21261,0.171202719,0
21272,0.614860713,1
21279,0.324001968,0
21288,0.581442714,1
21294,0.309060633,1
21297,0.365740001,1
21323,0.298705727,1
21324,0.485644877,1
21332,0.467198133,1
21341,0.345216066,0
21353,0.377320826,0
21357,0.435951561,0
21359,0.178969756,0
21361,0.493899018,1
21365,0.537462473,1
21375,0.443101317,1
21378,0.538159132,1
21381,0.395343453,0
21400,0.066809744,0
21408,0.479679823,0
21417,0.374760866,1
21446,0.304486096,0
21450,0.515173733,0
21467,0.411429614,1
21475,0.548291862,1
21479,0.372885495,0
21509,0.396535695,1
21514,0.18517223,0
21520,0.372791201,0
21532,0.097645529,0
21536,0.214809448,0
21544,0.063099667,0
21554,0.296642095,1
21564,0.200804889,0
21567,0.399543762,1
21587,0.350179583,1
21605,0.327779174,1
21633,0.29677397,1
21638,0.462894827,0
21644,0.428239554,1
21659,0.238251328,0
21661,0.219838962,0
21686,0.336249918,1
21688,0.366083205,0
21703,0.219489455,1
21706,0.431285977,1
21727,0.373587549,0
21740,0.508244932,0
21741,0.282064736,1
21749,0.34893319,1
21752,0.385496557,0
21760,0.272882521,0
21770,0.48905012,0
21777,0.238813534,0
21798,0.366576642,1
21808,0.191652864,0
21814,0.400617182,0
21840,0.178868964,0
21847,0.412336081,0
21852,0.192617938,0
21853,0.496227115,0
21857,0.286250174,0
21863,0.337377876,1
21888,0.543071926,0
21889,0.57630831,1
21893,0.362604231,1
21917,0.221036181,0
21925,0.099428043,1
21929,0.452857673,1
21940,0.147745535,0
21944,0.475538641,0
21953,0.554686487,0
21959,0.455798358,1
21961,0.272999674,0
21967,0.414529741,0
21977,0.328806043,0
21997,0.397434086,0
22004,0.369366556,0
22016,0.134069413,0
22027,0.068577416,0
22035,0.424462318,0
22039,0.470746785,0
22049,0.258768201,0
22050,0.239218771,1
22063,0.10693723,0
22069,0.51249665,1
22073,0.478377789,0
22077,0.282517552,0
22081,0.424933285,0
22089,0.230830863,0
22090,0.297852248,0
22093,0.425618976,0
22131,0.164395496,0
22135,0.101128802,0
22137,0.371793777,0
22141,0.711821914,1
22149,0.300008684,0
22174,0.481132627,0
22189,0.383582056,1
22196,0.174000069,0
22201,0.155855119,0
22203,0.117926739,0
22208,0.284134269,0
22222,0.434280038,1
22226,0.452138275,0
22241,0.240218371,0
22242,0.318103939,1
22245,0.179212734,0
22249,0.302826077,0
22250,0.374903888,0
22266,0.427015662,0
22273,0.149307966,0
22277,0.496103376,1
22279,0.143886611,1
22285,0.28293708,1
22292,0.409520894,0
22296,0.132931873,0
22342,0.254923284,0
22351,0.38721326,1
22365,0.573013544,0
22372,0.305601001,0
22378,0.454069734,0
22382,0.45462659,0
22392,0.521840692,1
22395,0.421497762,1
22397,0.503365636,1
22414,0.155337766,1
22417,0.133055389,1
22421,0.503314197,0
22461,0.439944357,0
22469,0.343185216,0
22480,0.584975123,1
22484,0.167403758,0
22490,0.090887398,0
22498,0.358730972,0
22503,0.358249664,1
22512,0.449503958,0
22513,0.271307737,0
22520,0.225658074,0
22529,0.447955728,1
22530,0.12037167,1
22551,0.579110563,1
22559,0.450528115,0
22563,0.111527123,0
22566,0.2894741,0
22570,0.394304305,0
22573,0.090819754,0
22578,0.42931816,0
22596,0.129181907,0
22598,0.467475265,0
22620,0.307702869,0
22634,0.092834815,0
22664,0.317882627,0
22677,0.265170604,0
22679,0.586074471,1
22680,0.277943075,0
22691,0.087401964,1
22698,0.484402865,1
22699,0.328411102,0
22724,0.398901939,0
22742,0.085325845,0
22745,0.23321797,0
22752,0.358528614,1
22757,0.434716821,1
22764,0.551113665,1
22768,0.104459018,0
22772,0.123528339,0
22783,0.538364947,0
22791,0.666748226,1
22800,0.254621953,0
22801,0.399957597,0
22814,0.379469663,0
22821,0.401431382,0
22826,0.085630074,0
22829,0.397268683,0
22837,0.494942486,0
22841,0.377799958,1
22842,0.480339676,1
22844,0.403430909,0
22867,0.151673362,0
22877,0.228033245,0
22887,0.369074047,1
22891,0.090576671,0
22905,0.104990192,1
22917,0.131291732,0
22924,0.080421202,0
22938,0.249437943,0
22946,0.263834357,0
22951,0.585276425,1
22959,0.070031784,0
22962,0.311609834,0
22969,0.083665125,0
22970,0.379157126,0
22977,0.304433405,0
23002,0.408231616,0
23010,0.381101012,0
23011,0.539989352,0
23013,0.245420635,0
23016,0.497453362,0
23025,0.299892485,1
23028,0.453674674,1
23033,0.429642916,1
23035,0.475139678,0
23039,0.07716772,0
23045,0.058857802,0
23056,0.103889734,0
23061,0.218647525,0
23074,0.347315073,1
23075,0.185460284,0
23079,0.319414616,0
23087,0.050665338,0
23096,0.19106932,0
23109,0.226803109,0
23118,0.196554184,0
23120,0.08205083,0
23142,0.146914363,0
23145,0.499898344,0
23168,0.287749648,0
23181,0.271914393,0
23183,0.193606123,0
23196,0.435589522,0
23199,0.140851736,1
23210,0.160584018,0
23215,0.349501014,0
23217,0.368770748,0
23218,0.210684299,0
23219,0.233683929,0
23237,0.319586486,1
23242,0.098506935,0
23252,0.098976031,1
23268,0.322622716,1
23269,0.070585839,0
23271,0.100665987,0
23286,0.197156668,0
23292,0.100537352,0
23298,0.314066857,1
23316,0.184541926,0
23324,0.172243074,0
23378,0.052319422,0
23397,0.45916155,0
23400,0.347488135,1
23418,0.09512607,0
23424,0.113823697,0
23449,0.353970498,1
23458,0.233259887,0
23463,0.568418622,0
23491,0.379058808,0
23500,0.356032968,1
23503,0.147262976,0
23506,0.41656357,1
23522,0.312942654,0
23528,0.331195027,1
23540,0.40729019,0
23544,0.326714605,0
23545,0.2537058,0
23550,0.39481464,0
23554,0.708274066,1
23561,0.288495988,1
23562,0.476996958,0
23572,0.100545995,0
23590,0.244851395,1
23599,0.229774892,0
23600,0.38580972,0
23604,0.412014216,1
23610,0.052172866,0
23621,0.126578912,0
23622,0.176726341,0
23623,0.398185462,0
23624,0.187783271,0
23641,0.164620385,0
23651,0.053313393,0
23656,0.107555389,0
23693,0.495171309,1
23695,0.624712884,1
23704,0.524712384,1
23725,0.201016411,0
23731,0.311076105,1
23737,0.54654181,1
23755,0.266252995,0
23756,0.365610689,0
23758,0.412177444,0
23762,0.186257422,0
23765,0.535710335,1
23769,0.176384971,1
23778,0.241347417,0
23831,0.157076746,0
23834,0.084220223,0
23842,0.376033843,1
23874,0.286165148,0
23882,0.294907957,0
23885,0.463012069,1
23891,0.463197112,1
23893,0.150897607,0
23900,0.16884914,0
23902,0.195459723,1
23906,0.185421035,1
23921,0.091782533,0
23926,0.125239745,0
23934,0.523871362,1
23952,0.519539654,0
23953,0.078722849,0
23954,0.434584886,0
23983,0.579578817,0
23987,0.208524942,0
24008,0.387380987,1
24010,0.143651634,0
24066,0.328517795,0
24080,0.480313927,0
24087,0.543324471,0
24108,0.26263985,0
24123,0.435904413,1
24132,0.37587896,0
24133,0.060888164,0
24136,0.310363531,1
24141,0.561701953,0
24151,0.253303468,0
24153,0.149774328,0
24158,0.132257387,0
24160,0.210638255,1
24162,0.343435884,0
24166,0.470258892,0
24176,0.189343333,0
24177,0.185586721,0
24179,0.46768409,0
24181,0.131896496,0
24191,0.434922695,0
24192,0.416392893,0
24206,0.11940179,1
24223,0.144235879,0
24224,0.17774789,0
24235,0.292070568,0
24238,0.377518415,1
24244,0.399290383,0
24247,0.071230479,0
24250,0.14461121,0
24251,0.327879667,0
24258,0.051328242,0
24260,0.274027407,0
24268,0.466712266,1
24272,0.330001146,0
24276,0.149533719,0
24279,0.259932369,1
24287,0.150621295,0
24297,0.176942736,0
24310,0.41590476,0
24314,0.202830836,0
24315,0.275008172,0
24354,0.218970239,0
24357,0.132808968,0
24358,0.142803937,0
24366,0.151901156,0
24372,0.612282455,1
24374,0.196857452,0
24398,0.267776877,0
24400,0.105378032,0
24403,0.438844264,1
24408,0.402174532,0
24439,0.430097193,1
24445,0.305085093,1
24470,0.147846401,0
24507,0.142015263,0
24512,0.178695634,0
24517,0.085881494,0
24519,0.143025473,0
24520,0.069537811,0
24522,0.375145257,0
24531,0.112901077,0
24532,0.335347563,0
24533,0.073859178,0
24552,0.20084402,0
24559,0.224795222,0
24567,0.429696351,1
24573,0.169496372,0
24575,0.218740776,0
24588,0.161998823,0
24593,0.096211106,0
24598,0.194744647,0
24612,0.11931508,0
24637,0.390367597,0
24650,0.069623008,1
24652,0.068808503,0
24656,0.351095617,0
24660,0.247088671,0
24667,0.256334275,0
24678,0.299035192,1
24692,0.407980025,0
24705,0.339901686,0
24712,0.112346329,0
24713,0.089168824,0
24737,0.256442487,0
24747,0.20358029,1
24751,0.182432234,0
24756,0.307560444,0
24757,0.134818152,0
24764,0.289022684,0
24768,0.208826855,1
24774,0.198778406,0
24786,0.279999852,0
24798,0.224837109,0
24810,0.305484772,0
24812,0.129084155,0
24816,0.14579545,0
24818,0.119437002,0
24820,0.092800476,0
24840,0.526945472,0
24851,0.207574382,0
24881,0.192702025,1
24885,0.450468302,1
24894,0.347811311,1
24908,0.192639947,0
24909,0.153925151,0
24960,0.369749725,0
24965,0.387273073,1
24972,0.35714972,0
24974,0.308997422,0
24979,0.095193297,0
25004,0.551793993,1
25023,0.107947335,0
25025,0.153206259,0
25042,0.212427303,0
25052,0.120425813,0
25053,0.227840707,0
25060,0.069457605,0
25064,0.06391938,0
25065,0.130706504,0
25092,0.094597116,0
25099,0.19447957,1
25108,0.263256878,0
25134,0.100438043,0
25144,0.490779638,0
25147,0.179900989,0
25167,0.204500958,0
25178,0.109676763,0
25182,0.074712716,0
25184,0.55425936,0
25191,0.167846009,0
25194,0.200317428,0
25200,0.159283072,0
25212,0.117066398,0
25215,0.384237617,1
25226,0.157993972,0
25228,0.085218981,0
25238,0.101301335,0
25249,0.180426493,0
25256,0.194430843,1
25259,0.190151811,0
25260,0.561031222,1
25262,0.393844813,0
25270,0.209898025,0
25279,0.237689868,0
25298,0.262934059,1
25303,0.394843608,1
25304,0.406028688,0
25306,0.062368535,1
25323,0.131282628,0
25328,0.574001312,1
25349,0.092181318,0
25375,0.332415849,0
25379,0.556247354,1
25380,0.318963438,0
25383,0.259440392,0
25445,0.269230634,0
25466,0.442706525,1
25467,0.206979394,0
25471,0.216652766,0
25479,0.387597203,0
25490,0.120286264,0
25511,0.685423732,1
25527,0.15468432,0
25537,0.199142843,0
25546,0.0775121,0
25564,0.356554806,1
25568,0.202824131,1
25573,0.232652143,1
25574,0.10095761,0
25576,0.267296642,0
25579,0.538483799,1
25580,0.214179382,0
25585,0.49117133,0
25595,0.065672524,0
25606,0.105439804,0
25615,0.522701025,1
25623,0.650131345,1
25625,0.175963268,0
25644,0.27525726,0
25645,0.098297574,0
25660,0.385178119,0
25663,0.53763622,1
25672,0.057752278,0
25687,0.190248698,0
25689,0.150556758,0
25694,0.333237529,0
25700,0.368162334,0
25715,0.101189256,1
25725,0.318083763,1
25728,0.536562502,1
25731,0.180045336,0
25748,0.523412943,1
25753,0.081811801,0
25777,0.242201209,0
25778,0.146391794,0
25779,0.169017091,1
25780,0.111570649,0
25782,0.19908455,0
25795,0.084575042,0
25797,0.167267054,0
25798,0.263265699,1
25811,0.266425222,0
25832,0.386868179,1
25838,0.102907471,1
25840,0.177530423,0
25856,0.075238153,0
25875,0.424387664,1
25878,0.204605147,0
25936,0.272755206,1
25940,0.239720047,1
25951,0.243830785,1
25956,0.128363654,0
25981,0.261742949,0
26005,0.212614015,0
26007,0.355129093,0
26008,0.146774098,0
26019,0.175951466,0
26027,0.113330558,1
26051,0.491349876,1
26056,0.155000672,0
26065,0.089217402,1
26068,0.264389902,1
26070,0.150476456,0
26078,0.118095554,0
26082,0.225032508,0
26083,0.256420493,0
26095,0.167825803,0
26127,0.408646703,0
26137,0.181844741,0
26140,0.493208528,1
26158,0.292311937,0
26178,0.303945065,0
26181,0.230695784,0
26191,0.331645966,0
26210,0.130583629,0
26215,0.219978109,0
26221,0.458438158,1
26224,0.285116851,0
26236,0.2843211,0
26243,0.137493491,1
26250,0.584242284,1
26271,0.251690418,0
26274,0.289563835,0
26280,0.133431956,0
26300,0.242246702,0
26301,0.089916989,0
26329,0.26866439,0
26333,0.49474439,0
26369,0.109886095,0
26371,0.138603777,0
26379,0.379989475,0
26382,0.115268752,0
26389,0.201458588,1
26397,0.229925618,0
26404,0.120557263,0
26410,0.205565095,0
26413,0.07697577,0
26420,0.35003376,1
26452,0.216319382,1
26455,0.210168719,0
26460,0.334218442,0
26476,0.142620727,0
26482,0.28212145,1
26505,0.156860188,0
26508,0.186995447,1
26522,0.09364932,0
26545,0.102868654,0
26548,0.182210401,0
26553,0.511792362,0
26556,0.177383348,0
26561,0.259642512,0
26564,0.102603957,0
26574,0.236841083,0
26575,0.144573689,0
26578,0.182054415,0
26589,0.150608256,0
26612,0.097710691,0
26613,0.133865088,1
26621,0.081532486,0
26628,0.085539564,0
26637,0.412205994,0
26639,0.101441421,0
26645,0.087209955,0
26673,0.162528992,0
26675,0.26955536,1
26690,0.085527293,0
26691,0.348578244,1
26702,0.253933877,0
26716,0.093963608,0
26719,0.190989599,1
26726,0.09312278,0
26729,0.218019292,1
26731,0.222183406,0
26756,0.238427937,1
26760,0.076069951,0
